reading_date,meter_address,gateway_id,consumption,volume,hardware,leakage,burst,freeze,tamper,power_low,empty_spool,reverse_flow,routelist_id
2025-01-01,EN123456,gw_4,8,2588,1,1,1,1,1,0,0,0,route_2
2025-01-02,EN123456,gw_5,12,2600,1,0,1,0,0,1,1,1,route_2
2025-01-03,EN123456,gw_5,10,2610,1,1,1,0,1,1,0,0,route_3
2025-01-04,EN123456,gw_4,5,2615,1,1,0,1,1,1,1,1,route_3
2025-01-05,EN123456,gw_4,12,2627,1,1,1,1,0,0,1,0,route_2
2025-01-06,EN123456,gw_1,14,2641,0,1,1,0,0,1,1,1,route_3
2025-01-07,EN123456,gw_4,6,2647,1,0,0,1,1,1,0,0,route_2
2025-01-08,EN123456,gw_5,13,2660,1,1,0,0,1,0,0,0,route_2
2025-01-09,EN123456,gw_2,7,2667,1,0,0,0,0,1,1,0,route_2
2025-01-10,EN123456,gw_3,10,2677,1,1,1,1,1,0,0,0,route_2
2025-01-11,EN123456,gw_2,15,2692,0,0,0,0,1,0,0,1,route_3
2025-01-12,EN123456,gw_5,8,2700,1,0,0,1,0,1,1,1,route_1
2025-01-13,EN123456,gw_2,6,2706,1,1,0,0,0,1,1,0,route_3
2025-01-14,EN123456,gw_1,15,2721,1,1,0,1,0,1,0,1,route_3
2025-01-15,EN123456,gw_5,5,2726,1,0,1,0,0,1,0,0,route_1
2025-01-16,EN123456,gw_5,9,2735,1,0,1,1,1,0,0,0,route_2
2025-01-17,EN123456,gw_4,11,2746,1,0,0,0,0,1,1,0,route_3
2025-01-18,EN123456,gw_2,8,2754,0,0,1,1,1,1,0,0,route_1
2025-01-19,EN123456,gw_1,6,2760,0,1,0,1,0,0,1,0,route_2
2025-01-20,EN123456,gw_2,11,2771,1,0,1,0,1,1,1,0,route_2
2025-01-21,EN123456,gw_5,11,2782,0,0,0,0,1,1,1,0,route_3
2025-01-22,EN123456,gw_4,14,2796,1,0,0,1,1,0,1,0,route_2
2025-01-23,EN123456,gw_1,8,2804,1,1,1,0,1,0,0,0,route_2
2025-01-24,EN123456,gw_2,11,2815,0,0,0,0,1,1,1,0,route_2
2025-01-25,EN123456,gw_3,12,2827,0,0,0,0,0,1,0,1,route_2
2025-01-26,EN123456,gw_2,7,2834,0,1,1,1,0,0,0,0,route_2
2025-01-27,EN123456,gw_4,11,2845,0,0,0,0,1,0,1,0,route_2
2025-01-28,EN123456,gw_1,8,2853,1,0,0,0,1,1,0,0,route_2
2025-01-29,EN123456,gw_2,10,2863,1,1,1,1,0,0,0,0,route_2
2025-01-30,EN123456,gw_5,9,2872,1,0,0,0,0,1,0,1,route_1
2025-01-31,EN123456,gw_3,11,2883,1,0,1,0,0,0,0,1,route_3
2025-02-01,EN123456,gw_1,14,2897,0,1,0,0,0,1,0,1,route_1
2025-02-02,EN123456,gw_4,7,2904,0,0,1,0,1,1,0,1,route_2
2025-02-03,EN123456,gw_2,6,2910,0,1,0,0,0,1,1,1,route_3
2025-02-04,EN123456,gw_1,6,2916,1,1,1,1,1,1,1,0,route_1
2025-02-05,EN123456,gw_3,14,2930,1,1,1,0,1,0,0,0,route_2
2025-02-06,EN123456,gw_2,10,2940,1,0,1,0,1,1,1,1,route_1
2025-02-07,EN123456,gw_4,12,2952,0,1,1,1,0,1,1,1,route_3
2025-02-08,EN123456,gw_1,8,2960,0,1,1,0,1,0,0,1,route_3
2025-02-09,EN123456,gw_2,14,2974,0,0,1,1,0,1,1,1,route_2
2025-02-10,EN123456,gw_3,13,2987,0,1,1,1,1,0,1,0,route_2
2025-02-11,EN123456,gw_1,14,3001,0,1,1,0,1,1,0,1,route_2
2025-02-12,EN123456,gw_2,0,3001,1,0,1,1,1,1,0,1,route_2
2025-02-13,EN123456,gw_2,11,3012,1,1,1,1,1,0,0,0,route_3
2025-02-14,EN123456,gw_4,13,3025,1,0,0,1,0,1,0,1,route_3
2025-02-15,EN123456,gw_1,8,3033,1,0,0,0,0,1,0,1,route_2
2025-02-16,EN123456,gw_3,14,3047,0,1,0,1,0,0,0,1,route_1
2025-02-17,EN123456,gw_5,13,3060,1,0,1,0,0,0,0,0,route_3
2025-02-18,EN123456,gw_2,6,3066,1,1,0,1,0,0,0,1,route_2
2025-02-19,EN123456,gw_3,9,3075,0,0,1,0,0,0,1,0,route_1
2025-02-20,EN123456,gw_4,5,3080,1,1,1,0,1,1,1,1,route_1
2025-02-21,EN123456,gw_4,8,3088,1,0,0,1,1,1,1,0,route_1
2025-02-22,EN123456,gw_1,12,3100,0,0,0,0,1,1,1,1,route_2
2025-02-23,EN123456,gw_3,7,3107,1,1,0,1,0,1,1,0,route_3
2025-02-24,EN123456,gw_2,0,3107,1,0,0,0,0,0,1,0,route_2
2025-02-25,EN123456,gw_3,14,3121,1,0,1,0,0,1,0,0,route_1
2025-02-26,EN123456,gw_3,9,3130,0,0,0,0,1,0,0,0,route_1
2025-02-27,EN123456,gw_3,15,3145,0,0,1,0,1,0,1,1,route_2
2025-02-28,EN123456,gw_2,5,3150,1,0,0,0,1,1,0,1,route_1
2025-03-01,EN123456,gw_1,13,3163,1,0,1,1,0,1,0,1,route_1
2025-03-02,EN123456,gw_5,7,3170,1,0,1,0,1,0,1,1,route_3
2025-03-03,EN123456,gw_4,7,3177,0,0,1,1,1,0,1,0,route_2
2025-03-04,EN123456,gw_2,13,3190,1,0,0,0,1,0,1,1,route_1
2025-03-05,EN123456,gw_3,15,3205,0,0,1,0,0,1,0,0,route_3
2025-03-06,EN123456,gw_5,13,3218,0,1,1,0,1,1,0,1,route_1
2025-03-07,EN123456,gw_5,11,3229,0,1,0,1,0,0,0,0,route_2
2025-03-08,EN123456,gw_2,15,3244,0,1,0,0,1,0,0,1,route_3
2025-03-09,EN123456,gw_5,0,3244,1,0,0,0,1,1,0,0,route_2
2025-03-10,EN123456,gw_3,7,3251,1,0,1,1,1,1,1,1,route_3
2025-03-11,EN123456,gw_2,11,3262,1,1,1,0,0,0,0,0,route_1
2025-03-12,EN123456,gw_4,8,3270,0,0,0,0,0,0,0,0,route_2
2025-03-13,EN123456,gw_3,14,3284,1,0,0,0,1,0,1,1,route_1
2025-03-14,EN123456,gw_1,5,3289,0,0,1,0,1,1,0,1,route_3
2025-03-15,EN123456,gw_3,11,3300,0,1,0,1,0,1,0,0,route_1
2025-03-16,EN123456,gw_3,12,3312,0,0,1,1,0,0,1,0,route_3
2025-03-17,EN123456,gw_4,8,3320,1,0,1,1,1,0,0,0,route_1
2025-03-18,EN123456,gw_5,5,3325,0,0,0,1,1,1,0,0,route_3
2025-03-19,EN123456,gw_4,13,3338,1,0,0,0,0,1,0,1,route_1
2025-03-20,EN123456,gw_3,0,3338,0,1,1,0,0,0,0,0,route_1
2025-03-21,EN123456,gw_2,11,3349,0,1,0,1,1,0,0,1,route_3
2025-03-22,EN123456,gw_5,7,3356,0,1,0,1,0,0,0,1,route_3
2025-03-23,EN123456,gw_3,0,3356,0,0,0,0,0,1,0,1,route_3
2025-03-24,EN123456,gw_4,7,3363,0,0,0,1,0,0,1,1,route_3
2025-03-25,EN123456,gw_3,6,3369,0,0,0,0,1,0,1,1,route_3
2025-03-26,EN123456,gw_4,9,3378,0,1,0,1,0,1,0,0,route_1
2025-03-27,EN123456,gw_4,5,3383,0,0,0,1,1,0,0,0,route_3
2025-03-28,EN123456,gw_2,8,3391,0,0,1,0,1,1,0,0,route_1
2025-03-29,EN123456,gw_1,14,3405,1,1,1,1,1,0,0,0,route_3
2025-03-30,EN123456,gw_1,9,3414,1,1,0,1,0,0,0,0,route_1
2025-03-31,EN123456,gw_3,12,3426,1,0,1,1,1,0,1,1,route_3
2025-04-01,EN123456,gw_2,6,3432,0,1,1,0,1,1,0,1,route_2
2025-04-02,EN123456,gw_2,9,3441,1,1,0,0,1,0,0,1,route_3
2025-04-03,EN123456,gw_1,15,3456,0,1,0,1,0,0,1,1,route_1
2025-04-04,EN123456,gw_4,8,3464,1,1,1,1,0,0,1,1,route_2
2025-04-05,EN123456,gw_5,9,3473,0,0,1,0,1,0,0,1,route_3
2025-04-06,EN123456,gw_5,12,3485,0,0,1,1,1,0,1,1,route_2
2025-04-07,EN123456,gw_1,12,3497,1,1,1,1,0,0,0,1,route_1
2025-04-08,EN123456,gw_4,6,3503,0,1,0,0,0,1,1,1,route_3
2025-04-09,EN123456,gw_1,12,3515,1,0,0,0,0,0,1,0,route_3
2025-04-10,EN123456,gw_5,6,3521,1,0,1,1,1,0,0,1,route_2
2025-01-01,EN654321,gw_4,6,2036,1,0,1,0,0,1,0,0,route_2
2025-01-02,EN654321,gw_4,6,2042,1,0,0,1,1,1,0,0,route_2
2025-01-03,EN654321,gw_4,13,2055,0,1,1,1,0,0,1,1,route_3
2025-01-04,EN654321,gw_5,11,2066,0,1,1,0,1,1,1,1,route_3
2025-01-05,EN654321,gw_2,11,2077,0,0,1,0,1,1,1,0,route_1
2025-01-06,EN654321,gw_4,12,2089,1,1,0,1,1,0,0,1,route_3
2025-01-07,EN654321,gw_1,8,2097,0,1,0,0,1,0,0,0,route_3
2025-01-08,EN654321,gw_2,9,2106,1,0,1,0,1,0,0,0,route_3
2025-01-09,EN654321,gw_1,12,2118,0,0,1,1,1,0,0,1,route_1
2025-01-10,EN654321,gw_2,12,2130,1,0,0,0,1,0,1,0,route_2
2025-01-11,EN654321,gw_2,14,2144,1,0,0,0,1,0,0,0,route_1
2025-01-12,EN654321,gw_3,10,2154,1,1,1,1,1,1,1,0,route_2
2025-01-13,EN654321,gw_3,7,2161,1,1,1,0,0,0,1,1,route_3
2025-01-14,EN654321,gw_2,13,2174,0,1,0,0,0,0,0,1,route_3
2025-01-15,EN654321,gw_5,15,2189,0,0,0,1,1,1,0,0,route_1
2025-01-16,EN654321,gw_4,12,2201,0,0,0,1,1,1,0,0,route_3
2025-01-17,EN654321,gw_2,12,2213,0,1,1,0,1,1,0,0,route_2
2025-01-18,EN654321,gw_5,5,2218,1,1,1,0,1,0,1,1,route_2
2025-01-19,EN654321,gw_2,13,2231,0,0,0,0,0,1,1,0,route_2
2025-01-20,EN654321,gw_4,12,2243,1,1,1,0,1,1,1,1,route_3
2025-01-21,EN654321,gw_3,5,2248,1,1,0,0,1,1,1,0,route_3
2025-01-22,EN654321,gw_5,6,2254,1,1,0,0,0,1,1,1,route_1
2025-01-23,EN654321,gw_3,15,2269,1,1,1,1,0,0,0,0,route_2
2025-01-24,EN654321,gw_2,9,2278,0,1,0,0,1,1,0,0,route_3
2025-01-25,EN654321,gw_5,8,2286,1,1,1,1,1,0,1,1,route_2
2025-01-26,EN654321,gw_4,12,2298,0,1,0,0,1,1,1,0,route_2
2025-01-27,EN654321,gw_4,6,2304,1,0,0,0,0,1,0,1,route_2
2025-01-28,EN654321,gw_5,10,2314,0,1,1,1,0,1,1,1,route_1
2025-01-29,EN654321,gw_5,10,2324,0,0,1,0,1,0,0,0,route_2
2025-01-30,EN654321,gw_4,9,2333,0,1,0,1,1,0,0,0,route_2
2025-01-31,EN654321,gw_3,15,2348,0,1,1,1,0,0,1,1,route_3
2025-02-01,EN654321,gw_4,15,2363,0,1,1,1,1,0,0,0,route_2
2025-02-02,EN654321,gw_2,8,2371,0,1,0,1,0,0,1,0,route_1
2025-02-03,EN654321,gw_1,10,2381,1,1,1,1,0,1,1,1,route_1
2025-02-04,EN654321,gw_1,15,2396,1,1,0,0,1,1,1,0,route_3
2025-02-05,EN654321,gw_5,15,2411,1,0,1,1,1,1,1,1,route_1
2025-02-06,EN654321,gw_5,8,2419,1,0,0,0,0,0,0,1,route_1
2025-02-07,EN654321,gw_3,11,2430,0,1,1,1,0,0,1,1,route_3
2025-02-08,EN654321,gw_2,6,2436,0,0,0,0,0,0,0,0,route_1
2025-02-09,EN654321,gw_3,9,2445,1,0,0,1,0,1,1,1,route_2
2025-02-10,EN654321,gw_2,7,2452,0,0,0,0,0,1,1,0,route_2
2025-02-11,EN654321,gw_5,9,2461,0,0,1,0,0,0,0,1,route_1
2025-02-12,EN654321,gw_1,9,2470,1,0,0,1,1,1,0,0,route_3
2025-02-13,EN654321,gw_5,8,2478,0,1,1,0,0,0,1,0,route_2
2025-02-14,EN654321,gw_1,11,2489,1,1,0,1,1,0,0,1,route_1
2025-02-15,EN654321,gw_3,9,2498,1,1,1,1,0,1,0,1,route_2
2025-02-16,EN654321,gw_2,14,2512,1,0,0,1,0,0,1,0,route_2
2025-02-17,EN654321,gw_3,5,2517,1,1,1,1,1,1,1,0,route_2
2025-02-18,EN654321,gw_5,7,2524,0,1,0,0,1,0,0,0,route_1
2025-02-19,EN654321,gw_5,8,2532,0,1,1,1,1,1,0,1,route_3
2025-02-20,EN654321,gw_3,12,2544,1,0,0,1,0,1,1,0,route_2
2025-02-21,EN654321,gw_2,7,2551,1,0,1,1,0,0,0,1,route_1
2025-02-22,EN654321,gw_1,15,2566,0,0,1,0,0,1,1,0,route_2
2025-02-23,EN654321,gw_1,15,2581,0,1,0,0,1,1,0,1,route_3
2025-02-24,EN654321,gw_1,12,2593,1,0,1,1,1,0,0,0,route_3
2025-02-25,EN654321,gw_5,7,2600,0,0,1,1,1,1,1,0,route_3
2025-02-26,EN654321,gw_1,9,2609,1,1,0,1,0,1,1,1,route_2
2025-02-27,EN654321,gw_5,15,2624,1,0,1,1,1,1,0,1,route_2
2025-02-28,EN654321,gw_2,15,2639,0,1,1,0,1,0,1,1,route_3
2025-03-01,EN654321,gw_4,9,2648,1,1,0,0,1,0,1,0,route_2
2025-03-02,EN654321,gw_4,9,2657,1,0,0,0,0,0,0,0,route_1
2025-03-03,EN654321,gw_3,10,2667,1,0,0,1,1,1,0,1,route_2
2025-03-04,EN654321,gw_3,15,2682,1,0,1,1,1,1,1,0,route_1
2025-03-05,EN654321,gw_5,14,2696,1,0,0,0,0,0,0,1,route_3
2025-03-06,EN654321,gw_2,14,2710,0,0,1,1,0,0,1,1,route_1
2025-03-07,EN654321,gw_4,6,2716,1,1,0,1,0,1,0,1,route_3
2025-03-08,EN654321,gw_3,0,2716,0,0,1,1,0,0,0,0,route_3
2025-03-09,EN654321,gw_1,15,2731,1,0,1,0,0,0,1,1,route_1
2025-03-10,EN654321,gw_3,9,2740,1,0,0,1,1,1,0,1,route_2
2025-03-11,EN654321,gw_4,9,2749,1,1,1,1,1,0,1,1,route_2
2025-03-12,EN654321,gw_3,11,2760,0,1,1,1,0,0,0,0,route_1
2025-03-13,EN654321,gw_4,15,2775,0,1,0,1,1,0,1,0,route_2
2025-03-14,EN654321,gw_4,5,2780,1,1,0,0,1,0,1,1,route_1
2025-03-15,EN654321,gw_4,11,2791,1,1,0,1,0,1,0,1,route_2
2025-03-16,EN654321,gw_3,6,2797,1,0,0,0,0,1,1,0,route_2
2025-03-17,EN654321,gw_3,6,2803,0,0,0,0,0,1,1,1,route_1
2025-03-18,EN654321,gw_2,11,2814,1,0,1,0,1,0,1,0,route_2
2025-03-19,EN654321,gw_3,11,2825,0,0,1,1,1,0,0,0,route_3
2025-03-20,EN654321,gw_4,5,2830,1,1,0,1,0,1,0,1,route_3
2025-03-21,EN654321,gw_3,8,2838,1,1,1,1,1,1,1,0,route_2
2025-03-22,EN654321,gw_3,0,2838,1,1,1,0,0,1,1,1,route_1
2025-03-23,EN654321,gw_2,9,2847,0,0,1,1,1,0,0,1,route_2
2025-03-24,EN654321,gw_1,9,2856,0,0,1,1,0,1,0,0,route_3
2025-03-25,EN654321,gw_1,0,2856,0,1,0,0,1,0,0,0,route_1
2025-03-26,EN654321,gw_5,14,2870,1,1,0,0,0,1,1,1,route_1
2025-03-27,EN654321,gw_1,6,2876,1,0,0,1,1,1,0,0,route_3
2025-03-28,EN654321,gw_3,15,2891,0,1,0,0,1,0,1,1,route_1
2025-03-29,EN654321,gw_2,5,2896,1,0,1,0,0,0,0,1,route_2
2025-03-30,EN654321,gw_1,13,2909,1,0,1,1,0,1,1,1,route_3
2025-03-31,EN654321,gw_3,7,2916,0,0,0,0,1,1,0,0,route_2
2025-04-01,EN654321,gw_4,15,2931,0,1,1,0,1,0,1,1,route_1
2025-04-02,EN654321,gw_4,5,2936,0,1,1,1,1,1,0,0,route_1
2025-04-03,EN654321,gw_2,13,2949,1,0,0,1,1,1,0,1,route_2
2025-04-04,EN654321,gw_2,15,2964,1,0,0,0,1,0,0,1,route_3
2025-04-05,EN654321,gw_1,12,2976,1,1,1,1,0,1,0,0,route_3
2025-04-06,EN654321,gw_2,7,2983,1,1,0,0,0,1,0,1,route_2
2025-04-07,EN654321,gw_5,12,2995,0,1,0,1,1,0,0,1,route_1
2025-04-08,EN654321,gw_3,12,3007,1,0,1,1,1,1,0,0,route_2
2025-04-09,EN654321,gw_4,11,3018,1,0,0,1,1,1,1,0,route_2
2025-04-10,EN654321,gw_5,10,3028,1,1,0,0,1,0,1,0,route_2
2025-01-01,EN987654,gw_3,14,2283,0,0,1,0,0,0,1,1,route_1
2025-01-02,EN987654,gw_4,-1,2282,1,1,0,1,0,1,0,0,route_3
2025-01-03,EN987654,gw_1,15,2306,1,0,0,0,1,0,1,1,route_1
2025-01-04,EN987654,gw_5,12,2318,1,0,1,0,1,0,0,0,route_2
2025-01-05,EN987654,gw_3,10,2328,0,0,1,0,0,0,0,0,route_3
2025-01-06,EN987654,gw_2,0,2328,0,1,0,0,1,0,1,0,route_2
2025-01-07,EN987654,gw_1,14,2342,0,0,0,0,0,1,0,1,route_1
2025-01-08,EN987654,gw_2,7,2349,0,1,0,1,0,1,1,0,route_2
2025-01-09,EN987654,gw_3,12,2361,1,1,0,1,1,0,1,0,route_1
2025-01-10,EN987654,gw_1,11,2372,0,0,1,0,1,0,0,1,route_3
2025-01-11,EN987654,gw_3,5,2377,1,0,0,0,1,1,0,1,route_3
2025-01-12,EN987654,gw_1,6,2383,1,1,0,0,1,1,0,1,route_3
2025-01-13,EN987654,gw_1,6,2389,0,0,0,0,0,1,0,1,route_2
2025-01-14,EN987654,gw_4,13,2402,0,0,1,0,1,0,1,0,route_2
2025-01-15,EN987654,gw_3,12,2414,1,0,0,1,1,0,1,1,route_1
2025-01-16,EN987654,gw_5,12,2426,0,1,1,0,1,1,1,0,route_1
2025-01-17,EN987654,gw_5,6,2432,0,1,1,0,1,0,1,1,route_3
2025-01-18,EN987654,gw_4,11,2443,1,0,0,1,1,1,1,0,route_2
2025-01-19,EN987654,gw_2,9,2452,1,0,1,1,1,1,0,1,route_2
2025-01-20,EN987654,gw_1,12,2464,1,0,0,1,0,1,1,1,route_1
2025-01-21,EN987654,gw_3,8,2472,0,1,0,1,0,1,1,0,route_1
2025-01-22,EN987654,gw_3,10,2482,1,0,0,0,0,1,0,1,route_3
2025-01-23,EN987654,gw_1,-3,2479,1,1,0,0,0,0,0,1,route_1
2025-01-24,EN987654,gw_1,10,2507,1,0,0,0,1,0,1,1,route_2
2025-01-25,EN987654,gw_1,5,2512,1,0,0,0,0,1,0,0,route_2
2025-01-26,EN987654,gw_3,15,2527,0,0,0,0,0,1,0,1,route_1
2025-01-27,EN987654,gw_5,12,2539,0,1,1,1,1,0,1,0,route_3
2025-01-28,EN987654,gw_4,9,2548,1,0,0,0,0,1,0,1,route_2
2025-01-29,EN987654,gw_2,9,2557,1,1,1,0,1,1,0,1,route_1
2025-01-30,EN987654,gw_2,12,2569,0,0,1,1,1,1,0,1,route_3
2025-01-31,EN987654,gw_2,8,2577,1,0,0,1,1,1,0,0,route_3
2025-02-01,EN987654,gw_2,12,2589,1,0,0,1,0,0,1,0,route_1
2025-02-02,EN987654,gw_4,15,2604,1,0,0,1,0,0,1,0,route_1
2025-02-03,EN987654,gw_5,6,2610,1,1,0,1,0,0,0,1,route_2
2025-02-04,EN987654,gw_4,6,2616,0,0,0,1,1,1,0,0,route_2
2025-02-05,EN987654,gw_4,12,2628,1,0,1,1,0,1,0,0,route_2
2025-02-06,EN987654,gw_3,11,2639,1,1,0,0,1,1,1,1,route_2
2025-02-07,EN987654,gw_1,6,2645,1,1,0,0,0,0,1,1,route_1
2025-02-08,EN987654,gw_3,14,2659,0,1,1,0,1,0,1,1,route_1
2025-02-09,EN987654,gw_1,11,2670,1,1,1,1,0,0,0,1,route_1
2025-02-10,EN987654,gw_2,9,2679,0,1,1,0,0,1,1,0,route_1
2025-02-11,EN987654,gw_1,10,2689,0,0,0,1,1,1,1,0,route_1
2025-02-12,EN987654,gw_4,8,2697,0,0,1,1,0,1,0,0,route_3
2025-02-13,EN987654,gw_5,14,2711,0,1,1,0,0,1,1,1,route_3
2025-02-14,EN987654,gw_5,5,2716,1,0,0,1,1,0,0,0,route_1
2025-02-15,EN987654,gw_4,15,2731,0,0,1,0,0,1,0,0,route_3
2025-02-16,EN987654,gw_4,13,2744,0,1,1,1,0,1,0,0,route_2
2025-02-17,EN987654,gw_3,9,2753,1,1,1,1,1,1,1,1,route_2
2025-02-18,EN987654,gw_2,7,2760,0,1,0,1,1,0,0,1,route_3
2025-02-19,EN987654,gw_3,7,2767,1,1,0,1,0,0,0,0,route_2
2025-02-20,EN987654,gw_2,13,2780,1,0,0,0,0,1,1,1,route_3
2025-02-21,EN987654,gw_2,6,2786,1,1,0,0,1,1,1,0,route_1
2025-02-22,EN987654,gw_3,9,2795,1,0,0,0,1,0,0,1,route_1
2025-02-23,EN987654,gw_3,0,2795,1,1,0,1,0,0,1,0,route_2
2025-02-24,EN987654,gw_4,13,2808,1,1,1,0,0,1,0,0,route_3
2025-02-25,EN987654,gw_4,15,2823,1,1,0,0,0,1,1,1,route_1
2025-02-26,EN987654,gw_2,11,2834,1,0,0,1,0,1,1,1,route_2
2025-02-27,EN987654,gw_2,9,2843,1,0,0,1,1,0,1,0,route_3
2025-02-28,EN987654,gw_2,12,2855,1,1,1,0,1,0,1,1,route_2
2025-03-01,EN987654,gw_2,0,2855,1,0,1,1,1,0,0,0,route_2
2025-03-02,EN987654,gw_5,-6,2849,0,1,0,1,0,0,0,0,route_3
2025-03-03,EN987654,gw_3,9,2876,0,0,1,0,0,0,1,0,route_1
2025-03-04,EN987654,gw_5,13,2889,0,1,0,1,1,0,0,1,route_2
2025-03-05,EN987654,gw_2,6,2895,1,1,1,1,0,1,0,0,route_1
2025-03-06,EN987654,gw_2,11,2906,1,1,1,0,0,1,0,0,route_2
2025-03-07,EN987654,gw_5,6,2912,0,1,0,0,0,0,1,1,route_3
2025-03-08,EN987654,gw_2,12,2924,0,1,0,1,0,0,0,1,route_3
2025-03-09,EN987654,gw_4,12,2936,0,1,1,1,0,1,1,1,route_2
2025-03-10,EN987654,gw_5,6,2942,0,0,1,0,1,1,1,1,route_2
2025-03-11,EN987654,gw_3,-9,2933,0,1,0,0,1,0,0,1,route_2
2025-03-12,EN987654,gw_5,10,2967,0,1,0,0,1,0,0,1,route_3
2025-03-13,EN987654,gw_1,6,2973,1,1,1,1,1,0,1,1,route_1
2025-03-14,EN987654,gw_1,12,2985,0,0,1,1,1,0,0,0,route_1
2025-03-15,EN987654,gw_1,11,2996,0,0,0,1,0,0,1,1,route_3
2025-03-16,EN987654,gw_1,13,3009,1,0,0,1,0,1,0,1,route_1
2025-03-17,EN987654,gw_3,13,3022,0,1,1,0,1,1,1,1,route_1
2025-03-18,EN987654,gw_2,-6,3016,1,1,0,0,1,1,1,0,route_2
2025-03-19,EN987654,gw_4,7,3040,1,1,0,0,1,1,1,1,route_1
2025-03-20,EN987654,gw_1,9,3049,1,1,0,1,0,0,1,0,route_2
2025-03-21,EN987654,gw_4,7,3056,0,1,0,0,0,1,0,1,route_2
2025-03-22,EN987654,gw_1,11,3067,1,1,0,0,0,1,1,1,route_2
2025-03-23,EN987654,gw_3,7,3074,0,1,0,1,1,1,1,0,route_1
2025-03-24,EN987654,gw_1,12,3086,0,1,0,0,1,1,0,1,route_2
2025-03-25,EN987654,gw_1,13,3099,0,1,0,0,0,1,1,1,route_1
2025-03-26,EN987654,gw_3,11,3110,1,0,0,0,0,0,1,0,route_3
2025-03-27,EN987654,gw_5,15,3125,0,0,0,0,1,0,1,0,route_2
2025-03-28,EN987654,gw_5,11,3136,0,1,0,1,0,1,1,0,route_3
2025-03-29,EN987654,gw_3,0,3136,1,1,0,1,0,1,1,1,route_2
2025-03-30,EN987654,gw_3,5,3141,0,1,1,1,1,1,0,1,route_1
2025-03-31,EN987654,gw_1,6,3147,1,0,1,1,1,1,1,1,route_2
2025-04-01,EN987654,gw_2,12,3159,0,0,1,1,0,0,0,0,route_2
2025-04-02,EN987654,gw_4,7,3166,0,1,0,0,1,1,0,1,route_2
2025-04-03,EN987654,gw_5,-2,3164,0,0,0,1,0,1,0,0,route_1
2025-04-04,EN987654,gw_1,14,3191,1,1,0,0,1,1,0,0,route_3
2025-04-05,EN987654,gw_3,5,3196,0,0,1,0,1,0,0,0,route_3
2025-04-06,EN987654,gw_2,11,3207,0,1,1,0,1,1,1,0,route_1
2025-04-07,EN987654,gw_4,0,3207,1,1,0,0,1,1,1,0,route_3
2025-04-08,EN987654,gw_5,15,3222,0,1,1,1,1,1,1,1,route_2
2025-04-09,EN987654,gw_5,9,3231,0,1,0,1,0,0,0,1,route_2
2025-04-10,EN987654,gw_5,8,3239,0,0,0,0,0,1,1,1,route_3
2025-01-01,EN112233,gw_2,10,2302,1,1,1,1,1,1,1,0,route_2
2025-01-02,EN112233,gw_2,11,2313,0,0,0,0,0,0,0,1,route_1
2025-01-03,EN112233,gw_5,11,2324,0,1,1,0,0,0,0,0,route_1
2025-01-04,EN112233,gw_2,5,2329,1,1,0,0,0,0,0,1,route_3
2025-01-05,EN112233,gw_4,5,2334,0,0,0,1,1,1,1,0,route_2
2025-01-06,EN112233,gw_4,13,2347,0,0,1,0,0,1,1,0,route_1
2025-01-07,EN112233,gw_5,9,2356,0,1,1,0,0,0,0,0,route_3
2025-01-08,EN112233,gw_2,7,2363,1,1,0,0,1,1,1,0,route_1
2025-01-09,EN112233,gw_2,10,2373,0,1,1,1,1,0,1,0,route_2
2025-01-10,EN112233,gw_5,8,2381,0,0,1,0,0,1,0,1,route_3
2025-01-11,EN112233,gw_3,9,2390,1,1,0,1,0,0,0,1,route_3
2025-01-12,EN112233,gw_3,14,2404,1,1,0,0,0,1,0,0,route_1
2025-01-13,EN112233,gw_5,9,2413,0,1,0,1,0,1,1,1,route_2
2025-01-14,EN112233,gw_1,15,2428,1,0,0,0,0,0,1,1,route_2
2025-01-15,EN112233,gw_2,7,2435,1,0,0,0,1,0,0,0,route_2
2025-01-16,EN112233,gw_2,12,2447,1,1,1,0,0,0,0,0,route_3
2025-01-17,EN112233,gw_4,7,2454,0,0,0,1,0,0,0,0,route_3
2025-01-18,EN112233,gw_5,10,2464,1,1,0,0,1,1,1,0,route_3
2025-01-19,EN112233,gw_2,7,2471,0,0,0,1,1,1,0,0,route_2
2025-01-20,EN112233,gw_2,11,2482,0,0,0,1,0,0,0,1,route_1
2025-01-21,EN112233,gw_2,6,2488,0,1,0,1,1,0,0,1,route_1
2025-01-22,EN112233,gw_1,6,2494,0,1,0,0,0,0,0,1,route_3
2025-01-23,EN112233,gw_4,11,2505,1,1,0,1,0,1,0,0,route_2
2025-01-24,EN112233,gw_2,11,2516,0,0,1,1,0,0,1,1,route_3
2025-01-25,EN112233,gw_2,11,2527,0,1,1,1,1,0,1,1,route_2
2025-01-26,EN112233,gw_2,10,2537,1,1,0,0,1,0,1,1,route_1
2025-01-27,EN112233,gw_1,13,2550,1,0,0,1,1,0,0,0,route_1
2025-01-28,EN112233,gw_3,7,2557,0,1,0,0,1,1,0,0,route_3
2025-01-29,EN112233,gw_3,14,2571,0,0,1,1,0,1,1,0,route_2
2025-01-30,EN112233,gw_3,12,2583,1,0,1,1,0,1,0,1,route_2
2025-01-31,EN112233,gw_5,6,2589,0,1,1,1,1,1,0,1,route_1
2025-02-01,EN112233,gw_2,14,2603,0,1,0,1,0,0,0,0,route_1
2025-02-02,EN112233,gw_5,6,2609,0,1,0,0,1,0,0,0,route_2
2025-02-03,EN112233,gw_1,8,2617,1,1,0,1,0,1,0,0,route_3
2025-02-04,EN112233,gw_4,9,2626,1,1,0,0,1,0,1,1,route_2
2025-02-05,EN112233,gw_3,9,2635,1,1,0,1,0,0,0,0,route_1
2025-02-06,EN112233,gw_4,7,2642,0,1,1,0,1,0,1,1,route_1
2025-02-07,EN112233,gw_4,7,2649,0,0,0,0,0,1,0,0,route_3
2025-02-08,EN112233,gw_2,15,2664,0,1,1,0,0,0,1,0,route_2
2025-02-09,EN112233,gw_2,7,2671,0,1,0,0,0,0,0,0,route_3
2025-02-10,EN112233,gw_1,7,2678,1,0,0,0,1,0,0,0,route_1
2025-02-11,EN112233,gw_3,8,2686,1,0,0,0,0,0,1,1,route_1
2025-02-12,EN112233,gw_1,12,2698,0,0,1,1,0,1,0,1,route_2
2025-02-13,EN112233,gw_4,6,2704,1,1,0,0,0,0,0,1,route_2
2025-02-14,EN112233,gw_2,10,2714,1,1,0,0,0,1,1,1,route_3
2025-02-15,EN112233,gw_3,15,2729,1,1,1,0,0,1,0,1,route_2
2025-02-16,EN112233,gw_2,7,2736,0,1,1,0,1,0,0,1,route_1
2025-02-17,EN112233,gw_4,15,2751,1,0,0,1,1,0,1,1,route_3
2025-02-18,EN112233,gw_2,10,2761,0,1,0,0,0,0,0,1,route_2
2025-02-19,EN112233,gw_5,7,2768,0,1,0,1,0,0,1,1,route_2
2025-02-20,EN112233,gw_3,10,2778,1,1,0,1,1,0,1,0,route_1
2025-02-21,EN112233,gw_4,7,2785,1,1,0,0,1,1,0,0,route_3
2025-02-22,EN112233,gw_5,12,2797,1,1,1,1,1,1,0,0,route_1
2025-02-23,EN112233,gw_4,14,2811,1,0,0,1,1,0,0,0,route_2
2025-02-24,EN112233,gw_4,6,2817,0,1,0,0,1,0,0,1,route_3
2025-02-25,EN112233,gw_4,8,2825,1,1,0,0,0,0,0,1,route_3
2025-02-26,EN112233,gw_5,6,2831,0,0,0,1,1,1,1,0,route_1
2025-02-27,EN112233,gw_4,10,2841,1,1,0,1,0,1,0,1,route_1
2025-02-28,EN112233,gw_3,12,2853,1,0,1,1,0,0,1,0,route_2
2025-03-01,EN112233,gw_5,10,2863,0,1,1,0,0,1,1,1,route_3
2025-03-02,EN112233,gw_5,13,2876,0,1,1,0,0,1,0,0,route_2
2025-03-03,EN112233,gw_1,9,2885,0,0,1,0,1,0,0,1,route_1
2025-03-04,EN112233,gw_4,15,2900,0,1,1,1,1,1,0,0,route_3
2025-03-05,EN112233,gw_2,0,2900,0,1,0,1,1,1,0,0,route_2
2025-03-06,EN112233,gw_4,5,2905,1,1,0,1,1,0,1,0,route_2
2025-03-07,EN112233,gw_4,9,2914,1,0,1,0,1,1,1,0,route_1
2025-03-08,EN112233,gw_2,5,2919,0,0,0,1,0,0,1,1,route_3
2025-03-09,EN112233,gw_1,6,2925,0,0,1,1,0,0,0,0,route_2
2025-03-10,EN112233,gw_4,10,2935,1,1,1,0,1,0,0,1,route_3
2025-03-11,EN112233,gw_4,7,2942,0,0,1,1,1,1,0,0,route_1
2025-03-12,EN112233,gw_4,13,2955,1,1,0,1,1,1,1,0,route_3
2025-03-13,EN112233,gw_5,13,2968,0,1,0,1,0,1,1,0,route_2
2025-03-14,EN112233,gw_3,8,2976,1,0,0,1,1,1,1,1,route_3
2025-03-15,EN112233,gw_2,7,2983,0,1,0,1,0,0,1,1,route_2
2025-03-16,EN112233,gw_5,7,2990,0,0,1,1,0,1,1,1,route_2
2025-03-17,EN112233,gw_1,14,3004,1,1,1,0,0,1,0,0,route_3
2025-03-18,EN112233,gw_1,8,3012,1,0,1,1,1,1,0,0,route_1
2025-03-19,EN112233,gw_4,8,3020,1,1,0,0,1,0,0,1,route_2
2025-03-20,EN112233,gw_4,13,3033,0,1,1,1,0,1,1,1,route_2
2025-03-21,EN112233,gw_1,13,3046,0,1,0,0,0,0,1,1,route_1
2025-03-22,EN112233,gw_2,10,3056,0,1,0,0,1,0,0,0,route_3
2025-03-23,EN112233,gw_2,14,3070,0,1,0,0,1,1,1,1,route_1
2025-03-24,EN112233,gw_1,10,3080,0,0,0,1,1,1,0,0,route_1
2025-03-25,EN112233,gw_1,9,3089,0,1,1,1,1,0,0,1,route_1
2025-03-26,EN112233,gw_2,14,3103,0,1,0,0,0,0,0,0,route_3
2025-03-27,EN112233,gw_2,9,3112,0,1,1,0,0,1,1,0,route_3
2025-03-28,EN112233,gw_4,15,3127,0,0,1,0,0,0,1,0,route_3
2025-03-29,EN112233,gw_1,7,3134,0,0,1,1,1,1,0,0,route_2
2025-03-30,EN112233,gw_5,9,3143,0,1,1,0,1,0,0,0,route_1
2025-03-31,EN112233,gw_2,14,3157,1,1,0,0,1,1,0,1,route_1
2025-04-01,EN112233,gw_2,9,3166,1,0,1,1,1,0,0,1,route_1
2025-04-02,EN112233,gw_5,10,3176,0,0,1,0,0,0,1,0,route_1
2025-04-03,EN112233,gw_3,9,3185,1,1,0,1,0,1,0,1,route_2
2025-04-04,EN112233,gw_5,9,3194,0,0,1,0,0,1,1,0,route_3
2025-04-05,EN112233,gw_1,11,3205,1,0,0,1,0,1,1,0,route_2
2025-04-06,EN112233,gw_2,8,3213,1,1,0,0,0,0,1,1,route_3
2025-04-07,EN112233,gw_1,14,3227,0,1,0,1,1,0,1,0,route_1
2025-04-08,EN112233,gw_1,15,3242,0,1,0,0,1,1,1,0,route_2
2025-04-09,EN112233,gw_1,14,3256,1,0,1,1,0,0,0,0,route_1
2025-04-10,EN112233,gw_2,14,3270,1,1,0,1,0,1,0,1,route_1
2025-01-01,EN445566,gw_3,10,2321,1,1,1,1,1,1,0,1,route_1
2025-01-02,EN445566,gw_2,8,2329,1,0,0,1,1,0,1,0,route_3
2025-01-03,EN445566,gw_4,12,2341,0,0,0,1,1,1,0,1,route_3
2025-01-04,EN445566,gw_1,15,2356,1,0,0,1,0,1,0,0,route_2
2025-01-05,EN445566,gw_2,6,2362,0,0,0,1,0,1,0,1,route_3
2025-01-06,EN445566,gw_4,13,2375,1,0,0,0,1,0,1,0,route_3
2025-01-07,EN445566,gw_1,7,2382,0,0,0,0,1,1,0,0,route_2
2025-01-08,EN445566,gw_1,6,2388,1,1,0,0,0,1,0,0,route_1
2025-01-09,EN445566,gw_5,14,2402,0,0,0,1,1,0,1,1,route_3
2025-01-10,EN445566,gw_5,10,2412,1,1,0,1,1,0,1,0,route_2
2025-01-11,EN445566,gw_5,6,2418,0,0,1,0,0,1,0,0,route_1
2025-01-12,EN445566,gw_3,7,2425,1,1,1,0,0,1,0,0,route_1
2025-01-13,EN445566,gw_1,10,2435,1,1,1,0,1,1,1,0,route_2
2025-01-14,EN445566,gw_4,10,2445,1,1,0,0,1,0,1,1,route_1
2025-01-15,EN445566,gw_4,13,2458,1,0,1,1,1,1,1,0,route_1
2025-01-16,EN445566,gw_2,8,2466,0,1,0,1,1,0,1,1,route_1
2025-01-17,EN445566,gw_2,12,2478,1,1,0,0,0,1,0,0,route_3
2025-01-18,EN445566,gw_2,12,2490,0,0,0,0,0,0,0,1,route_1
2025-01-19,EN445566,gw_1,10,2500,1,1,0,1,1,1,1,1,route_1
2025-01-20,EN445566,gw_1,11,2511,0,1,1,0,1,1,0,0,route_3
2025-01-21,EN445566,gw_4,10,2521,1,0,0,1,0,1,0,0,route_1
2025-01-22,EN445566,gw_3,14,2535,1,0,1,1,0,1,1,1,route_2
2025-01-23,EN445566,gw_1,10,2545,0,0,1,1,1,0,1,1,route_3
2025-01-24,EN445566,gw_2,8,2553,1,1,0,0,1,0,1,1,route_3
2025-01-25,EN445566,gw_4,10,2563,1,1,0,1,1,1,1,1,route_2
2025-01-26,EN445566,gw_2,11,2574,0,1,1,0,1,0,1,1,route_1
2025-01-27,EN445566,gw_5,8,2582,1,0,0,1,0,1,0,0,route_3
2025-01-28,EN445566,gw_4,12,2594,0,0,1,1,1,0,0,1,route_2
2025-01-29,EN445566,gw_4,12,2606,1,0,1,1,0,1,1,1,route_3
2025-01-30,EN445566,gw_3,8,2614,0,0,1,0,1,1,0,0,route_2
2025-01-31,EN445566,gw_4,12,2626,0,1,1,1,0,1,1,0,route_1
2025-02-01,EN445566,gw_4,14,2640,0,1,0,1,0,1,0,1,route_3
2025-02-02,EN445566,gw_3,6,2646,1,0,0,0,1,1,1,1,route_2
2025-02-03,EN445566,gw_1,13,2659,0,0,1,0,0,1,0,0,route_3
2025-02-04,EN445566,gw_5,15,2674,1,0,1,0,0,1,1,0,route_1
2025-02-05,EN445566,gw_2,9,2683,0,1,1,0,1,1,1,1,route_2
2025-02-06,EN445566,gw_5,9,2692,1,0,1,0,0,1,0,1,route_2
2025-02-07,EN445566,gw_5,10,2702,1,1,0,1,1,1,0,1,route_3
2025-02-08,EN445566,gw_3,6,2708,1,0,0,1,0,1,0,0,route_2
2025-02-09,EN445566,gw_1,11,2719,0,1,0,0,1,0,1,0,route_1
2025-02-10,EN445566,gw_4,11,2730,1,1,0,0,1,1,0,0,route_2
2025-02-11,EN445566,gw_2,14,2744,0,1,1,0,0,1,1,0,route_3
2025-02-12,EN445566,gw_1,7,2751,1,0,1,0,0,0,0,1,route_3
2025-02-13,EN445566,gw_3,8,2759,0,0,0,1,0,0,0,1,route_1
2025-02-14,EN445566,gw_4,11,2770,1,0,0,1,0,0,0,1,route_1
2025-02-15,EN445566,gw_5,12,2782,0,0,1,1,1,1,0,1,route_3
2025-02-16,EN445566,gw_1,0,2782,0,1,0,1,1,1,1,0,route_1
2025-02-17,EN445566,gw_2,7,2789,1,1,0,0,0,0,0,1,route_1
2025-02-18,EN445566,gw_1,12,2801,0,0,1,1,1,0,1,0,route_2
2025-02-19,EN445566,gw_5,12,2813,0,1,1,1,1,1,0,1,route_1
2025-02-20,EN445566,gw_4,12,2825,0,0,0,0,1,1,1,0,route_2
2025-02-21,EN445566,gw_4,13,2838,1,1,1,0,1,0,0,0,route_2
2025-02-22,EN445566,gw_2,14,2852,1,1,1,1,1,1,0,0,route_2
2025-02-23,EN445566,gw_5,12,2864,1,1,0,0,0,1,0,1,route_2
2025-02-24,EN445566,gw_2,15,2879,1,0,1,0,0,0,0,0,route_1
2025-02-25,EN445566,gw_5,15,2894,0,0,1,1,0,0,1,1,route_2
2025-02-26,EN445566,gw_2,13,2907,0,0,0,1,1,0,1,0,route_1
2025-02-27,EN445566,gw_4,8,2915,0,0,1,1,0,1,1,1,route_1
2025-02-28,EN445566,gw_5,11,2926,0,1,0,1,0,0,1,0,route_1
2025-03-01,EN445566,gw_5,6,2932,1,1,0,1,0,0,0,0,route_3
2025-03-02,EN445566,gw_2,13,2945,1,0,1,0,0,1,0,1,route_3
2025-03-03,EN445566,gw_5,12,2957,0,0,1,1,1,0,1,1,route_3
2025-03-04,EN445566,gw_3,5,2962,1,0,1,0,1,0,0,0,route_3
2025-03-05,EN445566,gw_2,8,2970,0,0,1,1,1,0,1,0,route_2
2025-03-06,EN445566,gw_2,10,2980,0,0,0,0,1,0,1,0,route_1
2025-03-07,EN445566,gw_1,12,2992,1,0,0,1,0,1,0,0,route_2
2025-03-08,EN445566,gw_4,13,3005,1,1,0,1,1,1,0,1,route_3
2025-03-09,EN445566,gw_4,14,3019,1,1,0,0,0,1,1,1,route_2
2025-03-10,EN445566,gw_4,14,3033,0,1,0,1,1,1,1,1,route_1
2025-03-11,EN445566,gw_3,5,3038,0,1,1,0,1,0,1,1,route_2
2025-03-12,EN445566,gw_5,14,3052,1,1,0,0,0,0,0,1,route_3
2025-03-13,EN445566,gw_3,12,3064,0,1,1,1,1,1,1,1,route_2
2025-03-14,EN445566,gw_5,13,3077,0,1,0,0,1,1,1,0,route_1
2025-03-15,EN445566,gw_2,7,3084,0,0,0,1,1,1,1,0,route_3
2025-03-16,EN445566,gw_4,11,3095,1,1,1,0,0,0,1,0,route_2
2025-03-17,EN445566,gw_3,5,3100,1,1,1,1,1,0,0,0,route_3
2025-03-18,EN445566,gw_1,15,3115,0,0,1,1,1,1,1,1,route_1
2025-03-19,EN445566,gw_4,6,3121,0,1,0,0,1,0,0,1,route_3
2025-03-20,EN445566,gw_4,12,3133,1,1,0,0,0,1,1,0,route_2
2025-03-21,EN445566,gw_3,12,3145,0,0,1,1,1,1,1,1,route_1
2025-03-22,EN445566,gw_5,12,3157,0,1,1,1,0,0,1,0,route_2
2025-03-23,EN445566,gw_5,9,3166,1,1,1,1,1,1,1,0,route_2
2025-03-24,EN445566,gw_5,13,3179,1,0,0,1,0,0,0,1,route_2
2025-03-25,EN445566,gw_3,11,3190,0,1,0,1,0,1,0,0,route_3
2025-03-26,EN445566,gw_4,7,3197,1,0,1,0,1,1,1,1,route_3
2025-03-27,EN445566,gw_5,12,3209,0,1,1,1,0,1,1,0,route_1
2025-03-28,EN445566,gw_5,9,3218,0,1,0,1,1,0,1,0,route_3
2025-03-29,EN445566,gw_1,13,3231,0,1,1,0,1,0,1,1,route_1
2025-03-30,EN445566,gw_1,15,3246,0,1,1,0,1,0,1,1,route_1
2025-03-31,EN445566,gw_2,8,3254,0,1,1,1,0,1,0,1,route_1
2025-04-01,EN445566,gw_4,14,3268,0,0,0,1,1,0,0,0,route_1
2025-04-02,EN445566,gw_1,5,3273,1,1,0,0,1,1,1,0,route_1
2025-04-03,EN445566,gw_2,5,3278,0,0,1,0,1,0,1,0,route_2
2025-04-04,EN445566,gw_2,13,3291,0,1,1,0,0,1,1,0,route_2
2025-04-05,EN445566,gw_3,6,3297,0,0,0,1,1,1,0,1,route_1
2025-04-06,EN445566,gw_5,6,3303,1,1,0,0,1,1,1,1,route_1
2025-04-07,EN445566,gw_5,14,3317,0,0,0,0,1,1,0,1,route_2
2025-04-08,EN445566,gw_5,0,3317,0,1,1,1,0,1,1,0,route_2
2025-04-09,EN445566,gw_5,5,3322,1,0,1,1,1,0,0,1,route_1
2025-04-10,EN445566,gw_1,6,3328,0,0,1,1,1,0,1,0,route_2
2025-01-01,EN778899,gw_3,12,2098,1,0,1,0,0,1,0,1,route_1
2025-01-02,EN778899,gw_5,8,2106,1,0,1,1,0,0,1,0,route_2
2025-01-03,EN778899,gw_5,5,2111,0,1,1,1,0,1,1,0,route_3
2025-01-04,EN778899,gw_1,9,2120,0,0,0,0,0,0,0,1,route_3
2025-01-05,EN778899,gw_4,0,2120,1,1,0,1,1,1,1,1,route_3
2025-01-06,EN778899,gw_3,0,2120,1,1,0,0,1,0,1,0,route_3
2025-01-07,EN778899,gw_3,6,2126,0,1,0,1,1,0,0,0,route_2
2025-01-08,EN778899,gw_3,7,2133,1,0,1,0,1,1,1,1,route_1
2025-01-09,EN778899,gw_3,5,2138,1,1,0,1,1,0,0,0,route_2
2025-01-10,EN778899,gw_3,8,2146,0,0,1,1,1,1,1,0,route_2
2025-01-11,EN778899,gw_1,8,2154,1,0,1,1,1,1,1,1,route_3
2025-01-12,EN778899,gw_2,8,2162,1,1,1,0,1,0,0,1,route_2
2025-01-13,EN778899,gw_4,6,2168,0,1,0,0,0,1,0,1,route_2
2025-01-14,EN778899,gw_3,14,2182,1,0,1,0,0,1,1,1,route_1
2025-01-15,EN778899,gw_2,11,2193,0,0,1,0,0,1,0,0,route_3
2025-01-16,EN778899,gw_2,6,2199,0,0,0,0,1,1,0,1,route_3
2025-01-17,EN778899,gw_3,9,2208,0,0,1,1,1,0,1,0,route_1
2025-01-18,EN778899,gw_1,11,2219,0,0,0,0,0,1,1,1,route_2
2025-01-19,EN778899,gw_2,12,2231,0,0,1,1,1,1,1,1,route_2
2025-01-20,EN778899,gw_2,7,2238,0,1,0,0,1,0,0,1,route_1
2025-01-21,EN778899,gw_1,7,2245,0,1,0,0,1,0,1,1,route_3
2025-01-22,EN778899,gw_2,12,2257,0,1,1,0,0,0,1,1,route_2
2025-01-23,EN778899,gw_2,8,2265,0,0,1,0,0,1,1,1,route_2
2025-01-24,EN778899,gw_4,12,2277,0,0,0,1,1,0,0,1,route_2
2025-01-25,EN778899,gw_2,10,2287,1,0,1,0,0,0,0,0,route_2
2025-01-26,EN778899,gw_4,6,2293,1,1,1,1,1,1,0,0,route_3
2025-01-27,EN778899,gw_4,15,2308,1,1,1,1,0,0,0,1,route_1
2025-01-28,EN778899,gw_2,6,2314,1,0,0,0,0,1,1,1,route_1
2025-01-29,EN778899,gw_3,9,2323,0,1,1,0,0,0,1,0,route_3
2025-01-30,EN778899,gw_3,5,2328,0,1,0,1,1,0,0,1,route_1
2025-01-31,EN778899,gw_2,14,2342,1,0,1,0,1,1,0,1,route_1
2025-02-01,EN778899,gw_3,13,2355,1,0,1,0,1,0,0,1,route_3
2025-02-02,EN778899,gw_3,13,2368,0,1,0,0,1,1,0,0,route_3
2025-02-03,EN778899,gw_2,9,2377,1,1,0,1,1,0,0,1,route_3
2025-02-04,EN778899,gw_3,9,2386,1,0,0,0,0,1,0,0,route_3
2025-02-05,EN778899,gw_4,6,2392,1,1,0,0,1,0,0,1,route_3
2025-02-06,EN778899,gw_3,6,2398,1,1,1,0,1,0,1,1,route_1
2025-02-07,EN778899,gw_1,13,2411,1,0,0,1,0,0,0,1,route_2
2025-02-08,EN778899,gw_2,8,2419,1,0,0,0,1,0,1,1,route_3
2025-02-09,EN778899,gw_5,13,2432,1,1,0,0,0,1,0,1,route_1
2025-02-10,EN778899,gw_5,6,2438,1,0,0,1,0,1,0,0,route_1
2025-02-11,EN778899,gw_3,5,2443,1,1,0,1,0,1,1,0,route_2
2025-02-12,EN778899,gw_2,8,2451,1,0,0,1,0,1,0,1,route_1
2025-02-13,EN778899,gw_4,6,2457,0,1,0,0,1,1,0,1,route_1
2025-02-14,EN778899,gw_1,9,2466,0,1,0,1,0,0,0,0,route_3
2025-02-15,EN778899,gw_4,6,2472,1,0,1,0,1,1,1,0,route_1
2025-02-16,EN778899,gw_2,7,2479,0,0,0,1,0,1,0,1,route_3
2025-02-17,EN778899,gw_4,6,2485,0,1,0,1,0,1,1,1,route_3
2025-02-18,EN778899,gw_4,5,2490,1,0,0,1,0,1,1,1,route_1
2025-02-19,EN778899,gw_3,9,2499,1,0,0,1,0,1,0,1,route_2
2025-02-20,EN778899,gw_4,12,2511,0,1,1,0,1,1,0,1,route_1
2025-02-21,EN778899,gw_4,9,2520,0,0,1,0,1,1,0,1,route_2
2025-02-22,EN778899,gw_1,5,2525,0,0,0,0,0,1,0,0,route_3
2025-02-23,EN778899,gw_1,9,2534,1,1,1,1,1,1,1,0,route_2
2025-02-24,EN778899,gw_5,5,2539,1,1,0,1,0,0,1,0,route_3
2025-02-25,EN778899,gw_2,14,2553,0,1,1,1,0,0,0,0,route_1
2025-02-26,EN778899,gw_5,15,2568,1,0,0,1,1,1,1,1,route_3
2025-02-27,EN778899,gw_3,15,2583,0,1,0,1,1,1,0,1,route_1
2025-02-28,EN778899,gw_5,9,2592,1,1,1,1,0,0,0,1,route_2
2025-03-01,EN778899,gw_2,9,2601,1,0,0,0,0,0,0,1,route_3
2025-03-02,EN778899,gw_5,8,2609,1,0,1,1,1,0,0,1,route_3
2025-03-03,EN778899,gw_3,12,2621,1,0,0,0,0,1,1,0,route_3
2025-03-04,EN778899,gw_2,5,2626,0,1,1,0,0,0,0,0,route_3
2025-03-05,EN778899,gw_5,15,2641,0,1,0,0,1,0,0,1,route_3
2025-03-06,EN778899,gw_2,7,2648,1,1,0,1,0,1,0,0,route_1
2025-03-07,EN778899,gw_1,9,2657,0,0,0,0,0,0,0,1,route_2
2025-03-08,EN778899,gw_3,12,2669,1,0,0,0,0,1,0,1,route_2
2025-03-09,EN778899,gw_3,10,2679,0,1,0,0,1,0,0,0,route_1
2025-03-10,EN778899,gw_4,8,2687,0,1,1,0,0,1,1,0,route_3
2025-03-11,EN778899,gw_5,15,2702,0,1,0,0,0,0,0,0,route_2
2025-03-12,EN778899,gw_5,13,2715,1,1,1,1,0,0,1,0,route_2
2025-03-13,EN778899,gw_5,7,2722,1,1,0,1,0,1,1,1,route_1
2025-03-14,EN778899,gw_4,8,2730,0,0,0,1,1,1,0,1,route_3
2025-03-15,EN778899,gw_3,15,2745,1,0,1,0,1,1,1,0,route_3
2025-03-16,EN778899,gw_5,14,2759,0,0,1,1,1,0,1,1,route_3
2025-03-17,EN778899,gw_4,6,2765,0,0,1,1,0,1,1,0,route_2
2025-03-18,EN778899,gw_1,13,2778,0,0,0,0,0,1,0,0,route_1
2025-03-19,EN778899,gw_4,15,2793,1,0,1,0,0,0,1,1,route_1
2025-03-20,EN778899,gw_5,11,2804,1,0,1,1,0,0,0,0,route_3
2025-03-21,EN778899,gw_3,0,2804,1,0,0,0,0,1,1,1,route_3
2025-03-22,EN778899,gw_3,15,2819,1,1,0,0,1,1,1,1,route_2
2025-03-23,EN778899,gw_5,15,2834,1,1,1,1,0,0,0,1,route_1
2025-03-24,EN778899,gw_1,11,2845,0,0,1,0,0,0,1,0,route_3
2025-03-25,EN778899,gw_4,9,2854,1,1,0,0,1,1,1,0,route_3
2025-03-26,EN778899,gw_1,5,2859,1,1,1,1,1,0,0,0,route_3
2025-03-27,EN778899,gw_1,8,2867,0,1,1,0,0,0,0,1,route_2
2025-03-28,EN778899,gw_3,13,2880,1,0,0,0,1,0,1,1,route_1
2025-03-29,EN778899,gw_5,12,2892,1,0,0,1,1,0,1,1,route_1
2025-03-30,EN778899,gw_5,8,2900,1,0,0,1,0,1,0,0,route_3
2025-03-31,EN778899,gw_3,14,2914,0,1,1,1,1,1,1,0,route_3
2025-04-01,EN778899,gw_5,11,2925,1,1,1,0,1,0,0,0,route_3
2025-04-02,EN778899,gw_4,6,2931,1,0,1,0,1,1,0,0,route_1
2025-04-03,EN778899,gw_5,15,2946,0,0,1,0,1,0,0,0,route_2
2025-04-04,EN778899,gw_3,7,2953,0,1,1,0,0,0,1,1,route_3
2025-04-05,EN778899,gw_4,11,2964,1,1,1,1,0,0,0,1,route_2
2025-04-06,EN778899,gw_3,12,2976,0,1,0,1,1,0,0,1,route_2
2025-04-07,EN778899,gw_2,10,2986,1,1,1,1,1,0,0,1,route_1
2025-04-08,EN778899,gw_2,10,2996,1,0,0,0,1,1,0,1,route_3
2025-04-09,EN778899,gw_5,13,3009,1,0,1,1,1,1,1,0,route_2
2025-04-10,EN778899,gw_1,7,3016,1,1,1,0,0,0,0,1,route_2
2025-01-01,EN001122,gw_1,6,2119,1,0,1,0,0,0,1,1,route_2
2025-01-02,EN001122,gw_3,8,2127,1,1,0,0,0,0,1,0,route_3
2025-01-03,EN001122,gw_5,11,2138,1,1,0,1,1,0,0,1,route_1
2025-01-04,EN001122,gw_3,7,2145,1,1,0,0,0,0,0,0,route_1
2025-01-05,EN001122,gw_1,13,2158,0,0,0,0,1,1,1,0,route_2
2025-01-06,EN001122,gw_1,13,2171,1,0,1,0,0,0,0,1,route_1
2025-01-07,EN001122,gw_1,8,2179,1,1,0,1,1,0,1,1,route_1
2025-01-08,EN001122,gw_5,7,2186,0,0,1,0,1,0,1,0,route_3
2025-01-09,EN001122,gw_4,8,2194,0,1,1,1,0,1,1,0,route_3
2025-01-10,EN001122,gw_5,8,2202,0,1,1,1,1,0,0,0,route_1
2025-01-11,EN001122,gw_5,15,2217,1,1,0,0,0,1,1,1,route_3
2025-01-12,EN001122,gw_4,8,2225,0,1,1,0,1,0,1,1,route_1
2025-01-13,EN001122,gw_5,7,2232,0,0,0,1,1,0,0,0,route_1
2025-01-14,EN001122,gw_5,6,2238,1,0,0,0,0,1,1,1,route_2
2025-01-15,EN001122,gw_4,6,2244,1,0,0,1,1,0,1,0,route_2
2025-01-16,EN001122,gw_4,12,2256,0,0,0,1,1,1,0,1,route_2
2025-01-17,EN001122,gw_2,8,2264,1,0,1,1,1,1,1,1,route_2
2025-01-18,EN001122,gw_4,9,2273,0,0,0,1,0,0,0,0,route_3
2025-01-19,EN001122,gw_4,5,2278,0,1,1,0,1,0,0,0,route_3
2025-01-20,EN001122,gw_2,0,2278,0,1,0,0,1,1,1,1,route_2
2025-01-21,EN001122,gw_2,10,2288,0,1,1,1,1,0,1,0,route_2
2025-01-22,EN001122,gw_4,12,2300,0,1,1,1,1,0,0,1,route_3
2025-01-23,EN001122,gw_5,0,2300,0,0,0,1,1,1,0,0,route_2
2025-01-24,EN001122,gw_4,8,2308,1,0,0,0,0,1,0,1,route_1
2025-01-25,EN001122,gw_3,0,2308,0,0,1,1,0,1,1,0,route_1
2025-01-26,EN001122,gw_4,10,2318,1,1,1,1,0,1,1,1,route_1
2025-01-27,EN001122,gw_3,11,2329,1,1,1,1,0,1,0,0,route_3
2025-01-28,EN001122,gw_5,13,2342,0,0,1,0,1,0,1,1,route_1
2025-01-29,EN001122,gw_2,11,2353,0,1,1,1,0,1,0,0,route_1
2025-01-30,EN001122,gw_4,11,2364,1,1,1,1,0,0,0,1,route_3
2025-01-31,EN001122,gw_2,0,2364,1,0,1,1,1,0,0,0,route_2
2025-02-01,EN001122,gw_5,8,2372,0,0,0,0,0,1,1,0,route_3
2025-02-02,EN001122,gw_5,10,2382,1,0,1,1,0,1,1,1,route_1
2025-02-03,EN001122,gw_4,12,2394,1,0,0,1,0,0,0,1,route_2
2025-02-04,EN001122,gw_5,14,2408,0,1,0,0,1,0,1,1,route_2
2025-02-05,EN001122,gw_1,5,2413,0,1,1,1,1,1,1,1,route_1
2025-02-06,EN001122,gw_4,7,2420,1,1,1,0,0,1,1,1,route_3
2025-02-07,EN001122,gw_4,8,2428,1,1,1,1,1,0,0,0,route_2
2025-02-08,EN001122,gw_2,12,2440,1,1,1,1,0,1,1,1,route_3
2025-02-09,EN001122,gw_5,13,2453,1,1,0,1,1,0,1,0,route_2
2025-02-10,EN001122,gw_5,12,2465,0,0,1,1,0,1,1,1,route_1
2025-02-11,EN001122,gw_1,9,2474,1,1,1,1,0,1,1,1,route_2
2025-02-12,EN001122,gw_4,5,2479,1,1,1,0,1,0,0,1,route_3
2025-02-13,EN001122,gw_1,9,2488,1,1,0,0,1,0,1,0,route_1
2025-02-14,EN001122,gw_5,5,2493,1,1,1,0,1,1,1,0,route_1
2025-02-15,EN001122,gw_4,6,2499,1,0,0,1,1,0,0,0,route_2
2025-02-16,EN001122,gw_2,10,2509,1,1,1,1,0,1,0,0,route_2
2025-02-17,EN001122,gw_1,10,2519,0,0,0,0,0,0,1,1,route_3
2025-02-18,EN001122,gw_1,15,2534,0,0,1,1,0,0,0,1,route_2
2025-02-19,EN001122,gw_5,13,2547,1,0,1,1,0,1,0,0,route_3
2025-02-20,EN001122,gw_1,15,2562,1,0,0,1,0,1,1,1,route_1
2025-02-21,EN001122,gw_3,14,2576,1,0,1,1,0,1,1,1,route_3
2025-02-22,EN001122,gw_5,9,2585,0,0,1,1,1,1,0,1,route_2
2025-02-23,EN001122,gw_2,8,2593,1,0,1,1,0,0,1,0,route_3
2025-02-24,EN001122,gw_4,14,2607,1,0,0,0,0,1,0,1,route_2
2025-02-25,EN001122,gw_1,6,2613,0,1,0,1,0,1,0,1,route_3
2025-02-26,EN001122,gw_1,12,2625,1,0,0,0,0,1,0,0,route_3
2025-02-27,EN001122,gw_2,11,2636,1,1,1,1,0,1,0,0,route_3
2025-02-28,EN001122,gw_3,13,2649,0,1,0,1,0,1,0,1,route_3
2025-03-01,EN001122,gw_1,8,2657,0,1,1,1,1,0,0,0,route_2
2025-03-02,EN001122,gw_5,7,2664,0,1,1,0,0,1,0,1,route_1
2025-03-03,EN001122,gw_5,5,2669,0,1,1,1,1,0,0,0,route_1
2025-03-04,EN001122,gw_3,15,2684,0,1,1,0,0,1,0,1,route_2
2025-03-05,EN001122,gw_3,10,2694,1,0,1,0,0,0,0,1,route_3
2025-03-06,EN001122,gw_5,12,2706,1,0,0,0,1,0,0,1,route_3
2025-03-07,EN001122,gw_4,12,2718,0,1,0,1,0,0,0,0,route_3
2025-03-08,EN001122,gw_1,11,2729,0,0,1,0,1,1,0,0,route_1
2025-03-09,EN001122,gw_4,6,2735,0,0,0,0,0,0,1,1,route_1
2025-03-10,EN001122,gw_2,11,2746,1,1,1,1,1,1,0,1,route_3
2025-03-11,EN001122,gw_4,12,2758,1,0,0,1,0,0,0,1,route_3
2025-03-12,EN001122,gw_5,7,2765,1,0,0,0,0,0,1,1,route_2
2025-03-13,EN001122,gw_2,14,2779,1,0,0,1,0,1,0,0,route_3
2025-03-14,EN001122,gw_1,8,2787,0,0,0,1,1,1,0,1,route_1
2025-03-15,EN001122,gw_4,10,2797,0,0,0,0,1,1,0,1,route_1
2025-03-16,EN001122,gw_1,15,2812,1,1,0,0,0,1,0,0,route_3
2025-03-17,EN001122,gw_3,13,2825,1,0,0,1,1,1,0,1,route_2
2025-03-18,EN001122,gw_2,8,2833,1,0,0,1,0,0,0,0,route_2
2025-03-19,EN001122,gw_3,5,2838,1,1,0,1,1,0,1,0,route_2
2025-03-20,EN001122,gw_5,9,2847,0,1,1,1,1,1,1,0,route_1
2025-03-21,EN001122,gw_5,5,2852,0,1,0,0,0,0,0,0,route_3
2025-03-22,EN001122,gw_4,6,2858,0,1,0,0,0,1,0,0,route_2
2025-03-23,EN001122,gw_2,9,2867,1,0,0,1,1,1,1,0,route_3
2025-03-24,EN001122,gw_4,15,2882,1,1,1,1,0,0,1,0,route_3
2025-03-25,EN001122,gw_5,12,2894,0,1,1,1,0,0,0,0,route_3
2025-03-26,EN001122,gw_5,13,2907,0,0,0,0,1,1,0,0,route_2
2025-03-27,EN001122,gw_3,13,2920,0,1,1,1,0,0,0,1,route_1
2025-03-28,EN001122,gw_2,8,2928,1,0,1,1,1,0,1,0,route_1
2025-03-29,EN001122,gw_3,13,2941,1,1,0,1,1,1,0,1,route_1
2025-03-30,EN001122,gw_2,13,2954,0,0,0,1,0,0,1,1,route_3
2025-03-31,EN001122,gw_5,7,2961,0,1,1,1,0,0,0,1,route_1
2025-04-01,EN001122,gw_3,5,2966,1,0,1,0,0,1,0,1,route_3
2025-04-02,EN001122,gw_1,7,2973,0,0,1,1,0,0,1,1,route_3
2025-04-03,EN001122,gw_5,6,2979,1,1,1,1,0,0,1,1,route_2
2025-04-04,EN001122,gw_5,9,2988,0,1,1,0,0,0,0,0,route_3
2025-04-05,EN001122,gw_3,8,2996,1,0,1,1,0,0,0,0,route_1
2025-04-06,EN001122,gw_4,5,3001,1,1,0,1,0,0,0,1,route_3
2025-04-07,EN001122,gw_2,9,3010,0,1,1,1,0,1,1,0,route_3
2025-04-08,EN001122,gw_5,5,3015,1,1,1,0,1,1,1,0,route_2
2025-04-09,EN001122,gw_3,12,3027,0,0,0,0,0,1,1,1,route_2
2025-04-10,EN001122,gw_2,8,3035,1,1,1,0,0,1,0,0,route_3
2025-01-01,EN889900,gw_5,15,1584,1,0,0,1,1,0,1,0,route_1
2025-01-02,EN889900,gw_5,7,1591,0,0,1,1,0,0,0,1,route_2
2025-01-03,EN889900,gw_2,12,1603,0,1,0,1,0,1,0,1,route_1
2025-01-04,EN889900,gw_3,9,1612,1,1,1,1,1,0,0,0,route_2
2025-01-05,EN889900,gw_3,11,1623,1,1,1,1,0,0,1,0,route_3
2025-01-06,EN889900,gw_3,8,1631,0,0,0,1,0,1,1,0,route_3
2025-01-07,EN889900,gw_1,8,1639,0,0,1,1,1,0,1,0,route_3
2025-01-08,EN889900,gw_4,12,1651,1,0,1,1,1,1,0,0,route_3
2025-01-09,EN889900,gw_5,14,1665,0,1,1,1,1,1,1,0,route_2
2025-01-10,EN889900,gw_3,9,1674,1,0,1,0,1,1,0,1,route_1
2025-01-11,EN889900,gw_2,7,1681,0,0,1,1,0,1,0,1,route_3
2025-01-12,EN889900,gw_4,7,1688,1,1,1,0,1,1,1,1,route_3
2025-01-13,EN889900,gw_5,9,1697,1,0,1,1,0,0,1,0,route_1
2025-01-14,EN889900,gw_5,7,1704,1,0,1,1,0,0,1,1,route_1
2025-01-15,EN889900,gw_4,11,1715,0,1,0,0,0,0,1,0,route_1
2025-01-16,EN889900,gw_4,9,1724,1,1,0,1,0,1,0,0,route_2
2025-01-17,EN889900,gw_1,11,1735,1,0,0,1,0,1,0,1,route_1
2025-01-18,EN889900,gw_5,7,1742,0,1,1,1,0,1,1,0,route_3
2025-01-19,EN889900,gw_1,11,1753,1,1,0,1,0,0,0,1,route_1
2025-01-20,EN889900,gw_2,5,1758,1,1,1,1,0,0,0,1,route_3
2025-01-21,EN889900,gw_2,8,1766,1,1,1,0,0,1,0,0,route_3
2025-01-22,EN889900,gw_4,15,1781,1,0,1,0,0,1,0,0,route_1
2025-01-23,EN889900,gw_3,14,1795,0,0,1,1,1,1,1,1,route_3
2025-01-24,EN889900,gw_4,15,1810,1,1,1,1,1,0,1,1,route_3
2025-01-25,EN889900,gw_5,6,1816,0,0,1,0,0,1,0,0,route_3
2025-01-26,EN889900,gw_3,11,1827,1,0,1,0,0,1,1,0,route_1
2025-01-27,EN889900,gw_5,6,1833,0,0,0,0,0,1,1,1,route_2
2025-01-28,EN889900,gw_1,14,1847,0,1,0,0,1,1,1,0,route_2
2025-01-29,EN889900,gw_1,5,1852,1,0,1,1,0,0,0,0,route_1
2025-01-30,EN889900,gw_2,5,1857,0,0,0,0,0,1,1,0,route_1
2025-01-31,EN889900,gw_1,11,1868,0,1,1,0,0,1,0,1,route_1
2025-02-01,EN889900,gw_2,13,1881,1,0,1,1,0,1,1,0,route_3
2025-02-02,EN889900,gw_1,13,1894,1,1,1,1,0,0,1,1,route_1
2025-02-03,EN889900,gw_2,14,1908,1,1,1,1,0,0,1,1,route_2
2025-02-04,EN889900,gw_2,14,1922,0,0,0,1,1,1,1,0,route_3
2025-02-05,EN889900,gw_3,5,1927,0,1,0,1,0,0,0,0,route_1
2025-02-06,EN889900,gw_1,15,1942,1,1,1,0,1,1,1,1,route_2
2025-02-07,EN889900,gw_4,10,1952,1,0,0,0,1,1,0,0,route_2
2025-02-08,EN889900,gw_3,14,1966,1,1,0,0,0,0,0,1,route_2
2025-02-09,EN889900,gw_2,15,1981,0,0,0,1,1,0,1,0,route_2
2025-02-10,EN889900,gw_5,10,1991,0,0,0,0,1,0,0,1,route_1
2025-02-11,EN889900,gw_1,11,2002,1,0,1,0,1,0,1,1,route_2
2025-02-12,EN889900,gw_4,10,2012,1,0,0,1,0,0,0,0,route_3
2025-02-13,EN889900,gw_5,8,2020,1,1,0,1,0,0,1,1,route_3
2025-02-14,EN889900,gw_4,12,2032,1,0,0,1,1,0,0,1,route_1
2025-02-15,EN889900,gw_2,6,2038,1,0,1,1,0,0,0,0,route_2
2025-02-16,EN889900,gw_2,5,2043,0,1,0,1,0,1,0,0,route_3
2025-02-17,EN889900,gw_2,9,2052,0,0,1,1,0,1,1,0,route_1
2025-02-18,EN889900,gw_4,14,2066,0,1,1,1,1,0,0,0,route_1
2025-02-19,EN889900,gw_1,14,2080,1,1,0,1,1,1,0,1,route_1
2025-02-20,EN889900,gw_3,8,2088,0,1,0,0,0,1,0,0,route_2
2025-02-21,EN889900,gw_4,13,2101,1,1,1,0,0,0,1,0,route_1
2025-02-22,EN889900,gw_2,5,2106,0,1,1,1,1,1,0,1,route_3
2025-02-23,EN889900,gw_3,6,2112,0,1,0,1,1,0,0,0,route_2
2025-02-24,EN889900,gw_1,10,2122,1,0,1,0,0,1,1,0,route_3
2025-02-25,EN889900,gw_1,11,2133,0,1,1,0,0,0,1,0,route_3
2025-02-26,EN889900,gw_4,11,2144,0,0,0,0,1,1,0,0,route_3
2025-02-27,EN889900,gw_1,8,2152,1,1,0,1,0,1,0,1,route_3
2025-02-28,EN889900,gw_4,12,2164,1,1,1,1,1,1,0,1,route_3
2025-03-01,EN889900,gw_4,5,2169,0,1,0,0,1,0,1,1,route_1
2025-03-02,EN889900,gw_5,15,2184,0,0,1,1,1,0,0,1,route_2
2025-03-03,EN889900,gw_3,14,2198,0,0,1,0,1,0,0,1,route_1
2025-03-04,EN889900,gw_3,12,2210,0,0,0,0,0,0,1,0,route_1
2025-03-05,EN889900,gw_4,11,2221,1,0,1,1,1,0,0,0,route_1
2025-03-06,EN889900,gw_2,15,2236,0,0,1,1,0,1,1,0,route_2
2025-03-07,EN889900,gw_4,13,2249,1,0,1,1,1,1,0,0,route_3
2025-03-08,EN889900,gw_5,9,2258,0,0,0,0,0,1,1,0,route_1
2025-03-09,EN889900,gw_5,7,2265,1,1,0,1,1,1,0,0,route_2
2025-03-10,EN889900,gw_1,14,2279,1,1,0,1,0,1,0,1,route_3
2025-03-11,EN889900,gw_5,15,2294,0,0,1,1,1,1,0,0,route_1
2025-03-12,EN889900,gw_4,10,2304,1,1,1,0,1,0,1,0,route_2
2025-03-13,EN889900,gw_1,6,2310,1,0,1,1,0,1,1,1,route_3
2025-03-14,EN889900,gw_5,15,2325,0,1,0,0,0,0,0,0,route_1
2025-03-15,EN889900,gw_4,15,2340,0,1,1,0,1,0,1,0,route_2
2025-03-16,EN889900,gw_3,7,2347,1,1,0,1,0,0,1,1,route_2
2025-03-17,EN889900,gw_3,6,2353,1,0,0,0,1,1,1,1,route_1
2025-03-18,EN889900,gw_5,5,2358,1,0,0,1,0,1,1,1,route_1
2025-03-19,EN889900,gw_5,5,2363,0,0,0,1,0,0,0,0,route_3
2025-03-20,EN889900,gw_2,5,2368,1,1,0,0,1,1,0,0,route_2
2025-03-21,EN889900,gw_4,6,2374,0,1,0,0,0,0,0,0,route_1
2025-03-22,EN889900,gw_2,8,2382,1,0,0,1,0,0,1,1,route_1
2025-03-23,EN889900,gw_4,12,2394,0,0,1,0,0,0,1,0,route_2
2025-03-24,EN889900,gw_4,14,2408,1,1,0,0,0,0,0,0,route_1
2025-03-25,EN889900,gw_4,11,2419,1,1,1,0,0,1,1,1,route_1
2025-03-26,EN889900,gw_5,8,2427,1,0,1,1,1,0,0,1,route_1
2025-03-27,EN889900,gw_1,8,2435,0,0,0,0,1,1,0,1,route_1
2025-03-28,EN889900,gw_5,6,2441,0,1,1,0,1,1,0,1,route_1
2025-03-29,EN889900,gw_5,7,2448,0,1,0,1,0,0,1,0,route_2
2025-03-30,EN889900,gw_3,0,2448,1,1,0,1,1,1,1,0,route_1
2025-03-31,EN889900,gw_2,10,2458,0,0,0,0,1,0,0,0,route_3
2025-04-01,EN889900,gw_2,12,2470,1,0,1,0,1,1,1,0,route_1
2025-04-02,EN889900,gw_3,12,2482,0,1,1,0,1,0,0,0,route_3
2025-04-03,EN889900,gw_1,11,2493,1,0,0,1,1,0,1,0,route_1
2025-04-04,EN889900,gw_1,8,2501,0,1,0,0,1,1,0,1,route_3
2025-04-05,EN889900,gw_5,6,2507,0,1,0,0,1,1,0,1,route_2
2025-04-06,EN889900,gw_5,11,2518,1,1,0,0,0,1,0,1,route_2
2025-04-07,EN889900,gw_5,11,2529,0,1,1,0,1,1,1,1,route_3
2025-04-08,EN889900,gw_2,13,2542,1,1,0,1,0,1,1,1,route_2
2025-04-09,EN889900,gw_3,11,2553,1,1,1,1,1,1,0,1,route_2
2025-04-10,EN889900,gw_4,13,2566,0,0,1,0,1,0,0,1,route_3
2025-01-01,EN334455,gw_3,6,1325,1,1,0,1,1,0,1,0,route_1
2025-01-02,EN334455,gw_2,13,1338,1,0,1,1,0,0,1,1,route_2
2025-01-03,EN334455,gw_5,0,1338,0,0,1,0,0,1,1,0,route_1
2025-01-04,EN334455,gw_3,14,1352,0,1,1,1,0,0,0,0,route_2
2025-01-05,EN334455,gw_2,12,1364,0,0,1,0,1,1,1,1,route_2
2025-01-06,EN334455,gw_4,5,1369,0,1,1,0,1,0,0,0,route_3
2025-01-07,EN334455,gw_3,8,1377,1,1,0,0,0,0,0,0,route_3
2025-01-08,EN334455,gw_1,11,1388,0,1,1,0,1,0,1,0,route_3
2025-01-09,EN334455,gw_2,7,1395,1,0,0,1,0,1,0,0,route_3
2025-01-10,EN334455,gw_1,13,1408,1,1,0,1,0,1,0,1,route_2
2025-01-11,EN334455,gw_1,11,1419,1,1,1,1,1,0,0,1,route_3
2025-01-12,EN334455,gw_1,8,1427,0,0,1,1,1,1,1,0,route_1
2025-01-13,EN334455,gw_4,14,1441,1,1,1,1,1,0,1,1,route_3
2025-01-14,EN334455,gw_2,5,1446,0,1,0,0,0,1,1,0,route_2
2025-01-15,EN334455,gw_3,7,1453,1,1,0,0,1,1,0,1,route_1
2025-01-16,EN334455,gw_5,6,1459,0,1,1,0,0,1,1,1,route_1
2025-01-17,EN334455,gw_1,7,1466,1,0,0,0,1,1,1,0,route_3
2025-01-18,EN334455,gw_5,15,1481,0,0,0,1,0,1,1,1,route_1
2025-01-19,EN334455,gw_1,7,1488,0,1,0,1,0,1,0,0,route_3
2025-01-20,EN334455,gw_3,10,1498,1,1,1,1,0,0,0,0,route_2
2025-01-21,EN334455,gw_3,10,1508,0,1,0,0,1,1,0,1,route_1
2025-01-22,EN334455,gw_3,12,1520,1,0,1,0,1,1,0,0,route_2
2025-01-23,EN334455,gw_2,15,1535,0,1,1,0,1,1,0,1,route_3
2025-01-24,EN334455,gw_1,9,1544,0,1,0,1,1,1,0,1,route_1
2025-01-25,EN334455,gw_1,9,1553,1,0,1,0,0,1,1,1,route_2
2025-01-26,EN334455,gw_5,7,1560,1,0,0,1,0,0,1,1,route_3
2025-01-27,EN334455,gw_2,8,1568,0,1,1,0,0,1,0,0,route_1
2025-01-28,EN334455,gw_5,13,1581,0,1,1,1,0,0,0,0,route_2
2025-01-29,EN334455,gw_2,14,1595,1,1,0,0,0,1,0,0,route_1
2025-01-30,EN334455,gw_4,7,1602,0,0,0,1,1,1,0,1,route_3
2025-01-31,EN334455,gw_5,15,1617,1,0,0,0,0,0,0,0,route_3
2025-02-01,EN334455,gw_3,13,1630,0,1,1,0,1,0,0,1,route_3
2025-02-02,EN334455,gw_5,5,1635,0,0,1,1,1,1,0,1,route_1
2025-02-03,EN334455,gw_5,8,1643,0,0,0,0,0,1,0,0,route_1
2025-02-04,EN334455,gw_4,5,1648,1,1,1,0,0,0,0,0,route_1
2025-02-05,EN334455,gw_4,13,1661,1,1,1,1,1,1,0,1,route_3
2025-02-06,EN334455,gw_1,7,1668,1,1,1,0,1,0,1,0,route_1
2025-02-07,EN334455,gw_1,12,1680,1,1,0,0,1,0,0,0,route_1
2025-02-08,EN334455,gw_5,6,1686,1,0,0,0,1,1,1,1,route_3
2025-02-09,EN334455,gw_2,15,1701,0,1,1,0,0,0,0,0,route_1
2025-02-10,EN334455,gw_3,13,1714,0,0,1,1,1,0,0,0,route_1
2025-02-11,EN334455,gw_1,5,1719,0,1,0,1,1,1,0,0,route_2
2025-02-12,EN334455,gw_2,8,1727,0,1,0,1,1,0,1,0,route_1
2025-02-13,EN334455,gw_5,0,1727,1,1,1,0,1,1,0,1,route_3
2025-02-14,EN334455,gw_3,10,1737,0,1,1,1,0,1,1,1,route_3
2025-02-15,EN334455,gw_2,13,1750,0,1,1,1,1,1,1,0,route_1
2025-02-16,EN334455,gw_5,7,1757,1,1,0,0,0,1,0,1,route_2
2025-02-17,EN334455,gw_4,13,1770,0,0,1,1,0,0,1,1,route_2
2025-02-18,EN334455,gw_1,9,1779,0,1,0,0,1,1,1,0,route_3
2025-02-19,EN334455,gw_1,13,1792,1,1,0,0,1,1,0,1,route_1
2025-02-20,EN334455,gw_4,15,1807,0,1,1,1,1,0,0,1,route_2
2025-02-21,EN334455,gw_5,7,1814,0,0,0,0,0,0,1,1,route_3
2025-02-22,EN334455,gw_2,13,1827,1,1,1,1,0,1,0,1,route_2
2025-02-23,EN334455,gw_1,9,1836,0,0,0,0,1,0,1,0,route_3
2025-02-24,EN334455,gw_1,6,1842,1,0,1,1,1,1,1,1,route_2
2025-02-25,EN334455,gw_3,8,1850,0,1,1,0,0,1,1,0,route_1
2025-02-26,EN334455,gw_4,5,1855,0,1,1,0,1,0,0,1,route_1
2025-02-27,EN334455,gw_3,15,1870,0,0,1,1,1,1,0,0,route_3
2025-02-28,EN334455,gw_3,12,1882,1,0,1,1,0,1,0,0,route_1
2025-03-01,EN334455,gw_4,7,1889,1,1,0,0,1,1,0,0,route_3
2025-03-02,EN334455,gw_4,6,1895,0,0,0,1,1,0,0,1,route_1
2025-03-03,EN334455,gw_1,10,1905,1,0,0,1,1,1,0,0,route_1
2025-03-04,EN334455,gw_2,5,1910,1,0,1,1,0,0,1,1,route_2
2025-03-05,EN334455,gw_1,12,1922,1,0,1,0,1,0,0,0,route_3
2025-03-06,EN334455,gw_3,10,1932,1,1,0,1,1,1,0,0,route_3
2025-03-07,EN334455,gw_1,11,1943,1,1,0,0,0,1,1,0,route_1
2025-03-08,EN334455,gw_5,8,1951,0,0,0,1,1,1,0,0,route_3
2025-03-09,EN334455,gw_3,5,1956,0,0,1,0,1,1,0,0,route_3
2025-03-10,EN334455,gw_1,11,1967,0,1,0,1,1,0,1,0,route_3
2025-03-11,EN334455,gw_3,12,1979,0,1,0,0,1,1,0,0,route_3
2025-03-12,EN334455,gw_2,12,1991,0,0,1,1,0,0,0,1,route_3
2025-03-13,EN334455,gw_5,12,2003,1,0,1,0,0,1,1,0,route_3
2025-03-14,EN334455,gw_3,7,2010,0,0,0,1,1,0,1,0,route_2
2025-03-15,EN334455,gw_2,13,2023,1,0,1,0,0,0,0,0,route_1
2025-03-16,EN334455,gw_4,8,2031,0,1,0,0,0,1,0,1,route_1
2025-03-17,EN334455,gw_1,14,2045,0,1,1,0,0,1,1,1,route_3
2025-03-18,EN334455,gw_4,11,2056,1,1,1,0,1,1,1,0,route_1
2025-03-19,EN334455,gw_1,11,2067,0,0,1,1,1,1,0,0,route_2
2025-03-20,EN334455,gw_1,5,2072,0,1,0,0,1,1,0,1,route_2
2025-03-21,EN334455,gw_4,12,2084,0,1,0,1,1,1,1,0,route_2
2025-03-22,EN334455,gw_3,12,2096,0,0,1,1,0,1,1,1,route_1
2025-03-23,EN334455,gw_2,9,2105,1,1,1,1,1,0,1,1,route_1
2025-03-24,EN334455,gw_5,11,2116,1,1,1,1,0,1,1,0,route_2
2025-03-25,EN334455,gw_4,13,2129,0,0,0,1,1,0,0,0,route_3
2025-03-26,EN334455,gw_2,7,2136,1,0,0,1,1,0,1,1,route_1
2025-03-27,EN334455,gw_2,11,2147,1,1,0,0,1,0,0,1,route_3
2025-03-28,EN334455,gw_4,5,2152,0,0,0,1,0,0,1,1,route_2
2025-03-29,EN334455,gw_5,11,2163,0,1,1,0,1,0,1,1,route_1
2025-03-30,EN334455,gw_4,12,2175,1,1,0,1,0,1,0,0,route_2
2025-03-31,EN334455,gw_3,8,2183,0,1,1,0,1,1,0,0,route_2
2025-04-01,EN334455,gw_4,6,2189,1,0,0,0,0,0,0,1,route_1
2025-04-02,EN334455,gw_1,14,2203,0,0,1,0,0,0,1,1,route_1
2025-04-03,EN334455,gw_1,15,2218,1,1,1,1,1,0,1,1,route_2
2025-04-04,EN334455,gw_4,13,2231,1,1,0,1,1,0,1,0,route_2
2025-04-05,EN334455,gw_2,7,2238,1,1,0,1,0,1,0,0,route_1
2025-04-06,EN334455,gw_3,6,2244,0,1,0,1,1,1,1,0,route_2
2025-04-07,EN334455,gw_3,12,2256,0,0,0,0,0,1,1,0,route_1
2025-04-08,EN334455,gw_2,15,2271,0,0,0,1,1,1,0,1,route_1
2025-04-09,EN334455,gw_5,15,2286,0,0,1,0,0,1,1,1,route_2
2025-04-10,EN334455,gw_5,5,2291,1,1,1,0,0,1,1,1,route_1
2025-01-01,EN667788,gw_3,7,2428,0,0,1,0,0,0,0,0,route_1
2025-01-02,EN667788,gw_1,7,2435,0,1,0,0,1,0,1,0,route_1
2025-01-03,EN667788,gw_1,5,2440,1,0,1,1,1,0,1,0,route_1
2025-01-04,EN667788,gw_1,15,2455,1,1,1,1,1,0,1,1,route_2
2025-01-05,EN667788,gw_3,13,2468,1,1,0,1,1,0,0,1,route_3
2025-01-06,EN667788,gw_4,9,2477,0,0,0,1,1,1,0,0,route_3
2025-01-07,EN667788,gw_1,11,2488,0,0,1,1,0,1,1,1,route_3
2025-01-08,EN667788,gw_5,11,2499,1,0,0,1,1,0,0,0,route_3
2025-01-09,EN667788,gw_1,11,2510,1,1,1,0,0,1,0,0,route_2
2025-01-10,EN667788,gw_2,8,2518,1,0,0,1,1,1,0,0,route_1
2025-01-11,EN667788,gw_4,8,2526,0,0,1,1,0,0,1,0,route_1
2025-01-12,EN667788,gw_2,12,2538,0,1,1,1,0,0,0,1,route_3
2025-01-13,EN667788,gw_4,15,2553,0,0,0,1,0,0,0,1,route_2
2025-01-14,EN667788,gw_5,12,2565,0,0,0,0,0,0,0,1,route_2
2025-01-15,EN667788,gw_5,13,2578,1,1,0,0,0,1,1,1,route_2
2025-01-16,EN667788,gw_1,7,2585,1,1,0,1,1,1,1,1,route_1
2025-01-17,EN667788,gw_3,0,2585,1,1,1,1,1,0,0,1,route_2
2025-01-18,EN667788,gw_1,7,2592,1,1,1,0,1,0,0,0,route_3
2025-01-19,EN667788,gw_1,6,2598,0,0,0,0,1,1,1,1,route_2
2025-01-20,EN667788,gw_3,9,2607,1,0,0,1,1,1,0,1,route_2
2025-01-21,EN667788,gw_5,9,2616,0,0,0,0,1,0,1,1,route_1
2025-01-22,EN667788,gw_2,14,2630,0,0,0,1,1,0,1,1,route_1
2025-01-23,EN667788,gw_5,9,2639,1,1,1,0,0,1,1,0,route_3
2025-01-24,EN667788,gw_2,13,2652,0,1,1,0,1,1,1,0,route_2
2025-01-25,EN667788,gw_3,7,2659,1,0,1,1,1,0,1,0,route_2
2025-01-26,EN667788,gw_3,15,2674,0,0,1,0,0,1,0,0,route_3
2025-01-27,EN667788,gw_2,8,2682,0,1,1,1,0,0,1,0,route_3
2025-01-28,EN667788,gw_4,13,2695,1,1,0,1,0,1,1,0,route_2
2025-01-29,EN667788,gw_5,5,2700,0,0,1,0,0,0,0,1,route_1
2025-01-30,EN667788,gw_3,12,2712,0,0,1,1,0,1,1,1,route_1
2025-01-31,EN667788,gw_2,10,2722,0,0,1,0,1,0,0,1,route_1
2025-02-01,EN667788,gw_5,8,2730,1,1,1,1,1,1,1,0,route_3
2025-02-02,EN667788,gw_3,11,2741,1,1,0,1,0,1,0,1,route_2
2025-02-03,EN667788,gw_5,5,2746,0,1,1,1,1,1,0,1,route_3
2025-02-04,EN667788,gw_4,8,2754,1,0,1,1,1,0,0,1,route_1
2025-02-05,EN667788,gw_5,14,2768,0,0,1,1,1,1,1,0,route_2
2025-02-06,EN667788,gw_3,10,2778,1,1,1,1,1,0,1,1,route_1
2025-02-07,EN667788,gw_4,10,2788,1,0,0,0,0,1,0,1,route_2
2025-02-08,EN667788,gw_4,7,2795,0,0,0,1,1,1,1,0,route_3
2025-02-09,EN667788,gw_1,9,2804,1,0,1,1,1,0,1,1,route_1
2025-02-10,EN667788,gw_2,0,2804,0,1,0,1,1,0,1,1,route_2
2025-02-11,EN667788,gw_3,15,2819,1,0,0,0,0,0,1,0,route_1
2025-02-12,EN667788,gw_4,13,2832,1,0,0,0,1,0,1,1,route_1
2025-02-13,EN667788,gw_3,11,2843,0,0,1,1,0,0,1,0,route_2
2025-02-14,EN667788,gw_4,7,2850,1,1,0,0,1,1,1,0,route_3
2025-02-15,EN667788,gw_2,9,2859,0,0,0,1,1,1,0,1,route_1
2025-02-16,EN667788,gw_4,6,2865,0,0,0,0,1,1,1,0,route_2
2025-02-17,EN667788,gw_5,10,2875,1,1,1,0,1,0,0,0,route_1
2025-02-18,EN667788,gw_2,8,2883,1,0,1,0,1,1,0,0,route_1
2025-02-19,EN667788,gw_3,15,2898,0,0,0,1,1,1,1,1,route_2
2025-02-20,EN667788,gw_4,9,2907,1,0,1,1,0,0,1,1,route_2
2025-02-21,EN667788,gw_4,14,2921,0,0,0,1,1,0,1,1,route_3
2025-02-22,EN667788,gw_2,14,2935,0,0,1,1,1,1,1,0,route_3
2025-02-23,EN667788,gw_4,13,2948,0,0,1,1,1,0,0,0,route_2
2025-02-24,EN667788,gw_2,7,2955,0,0,0,0,1,1,1,0,route_1
2025-02-25,EN667788,gw_1,10,2965,0,1,1,1,1,1,0,0,route_2
2025-02-26,EN667788,gw_4,5,2970,0,1,1,1,1,0,0,0,route_3
2025-02-27,EN667788,gw_1,13,2983,1,1,0,1,0,0,0,1,route_2
2025-02-28,EN667788,gw_3,12,2995,0,0,0,0,0,0,0,0,route_1
2025-03-01,EN667788,gw_3,14,3009,0,1,1,0,0,1,1,1,route_3
2025-03-02,EN667788,gw_5,10,3019,1,0,0,0,0,0,1,1,route_3
2025-03-03,EN667788,gw_5,5,3024,0,0,1,1,1,1,1,0,route_2
2025-03-04,EN667788,gw_4,7,3031,0,0,1,1,1,0,0,0,route_2
2025-03-05,EN667788,gw_2,7,3038,1,0,1,0,0,0,0,1,route_3
2025-03-06,EN667788,gw_5,15,3053,1,0,0,1,0,0,1,1,route_3
2025-03-07,EN667788,gw_2,7,3060,0,1,1,1,0,1,0,0,route_3
2025-03-08,EN667788,gw_1,10,3070,0,1,0,0,0,0,0,1,route_2
2025-03-09,EN667788,gw_1,5,3075,1,1,1,0,1,0,0,1,route_2
2025-03-10,EN667788,gw_5,6,3081,0,0,1,0,0,0,1,0,route_3
2025-03-11,EN667788,gw_2,5,3086,0,1,0,0,1,1,1,1,route_2
2025-03-12,EN667788,gw_1,7,3093,0,1,0,0,0,0,1,1,route_2
2025-03-13,EN667788,gw_4,11,3104,0,1,1,1,0,1,1,1,route_3
2025-03-14,EN667788,gw_5,6,3110,1,1,0,1,0,0,1,0,route_3
2025-03-15,EN667788,gw_3,0,3110,0,0,0,1,1,1,0,0,route_3
2025-03-16,EN667788,gw_2,7,3117,1,1,0,1,1,0,0,0,route_2
2025-03-17,EN667788,gw_3,12,3129,0,1,1,0,0,0,0,1,route_2
2025-03-18,EN667788,gw_3,15,3144,0,1,1,1,0,1,0,1,route_2
2025-03-19,EN667788,gw_5,5,3149,0,0,0,1,0,1,1,1,route_2
2025-03-20,EN667788,gw_4,7,3156,0,0,0,0,1,1,1,1,route_1
2025-03-21,EN667788,gw_2,8,3164,0,0,0,1,1,0,0,1,route_3
2025-03-22,EN667788,gw_2,7,3171,1,1,1,1,1,0,0,1,route_3
2025-03-23,EN667788,gw_3,12,3183,1,1,1,1,0,1,1,0,route_3
2025-03-24,EN667788,gw_3,12,3195,0,1,0,0,0,1,0,0,route_2
2025-03-25,EN667788,gw_3,8,3203,0,0,0,1,1,1,0,0,route_2
2025-03-26,EN667788,gw_1,12,3215,0,0,0,1,0,1,0,1,route_1
2025-03-27,EN667788,gw_1,8,3223,1,1,1,1,0,0,0,1,route_3
2025-03-28,EN667788,gw_1,7,3230,1,1,0,0,1,0,1,1,route_2
2025-03-29,EN667788,gw_2,11,3241,1,0,0,1,1,1,1,0,route_2
2025-03-30,EN667788,gw_4,5,3246,1,0,1,0,0,1,0,1,route_2
2025-03-31,EN667788,gw_3,15,3261,0,1,0,1,1,0,1,0,route_1
2025-04-01,EN667788,gw_4,9,3270,1,1,0,0,1,1,1,1,route_2
2025-04-02,EN667788,gw_1,9,3279,1,0,0,1,0,0,1,1,route_3
2025-04-03,EN667788,gw_4,10,3289,1,1,1,0,0,1,0,1,route_3
2025-04-04,EN667788,gw_5,5,3294,1,0,1,1,0,1,1,1,route_2
2025-04-05,EN667788,gw_3,6,3300,0,0,0,1,0,1,0,1,route_1
2025-04-06,EN667788,gw_4,15,3315,0,0,0,1,1,0,0,0,route_3
2025-04-07,EN667788,gw_1,9,3324,1,1,0,1,0,1,0,1,route_3
2025-04-08,EN667788,gw_4,14,3338,0,0,1,1,0,1,0,0,route_3
2025-04-09,EN667788,gw_5,11,3349,0,1,1,1,1,1,0,1,route_1
2025-04-10,EN667788,gw_1,10,3359,1,1,0,1,0,0,1,1,route_1
