reading_date,meter_address,gateway_id,consumption,volume,hardware,leakage,burst,freeze,tamper,power_low,empty_spool,reverse_flow,routelist_id,,
2025-01-01,15923695,gw_2,5,1516,0,1,0,1,1,1,0,0,route_1,,
2025-01-02,15923695,gw_4,0,1513,1,1,1,0,0,0,0,1,route_2,,
2025-01-03,15923695,gw_4,12,1525,1,1,0,0,0,1,0,0,route_1,,
2025-01-04,15923695,gw_5,9,1534,0,0,0,1,1,1,0,0,route_1,,2
2025-01-05,15923695,gw_4,11,1545,0,1,0,0,1,0,0,1,route_3,,
2025-01-06,15923695,gw_1,11,1556,0,1,1,0,0,0,0,1,route_1,,
2025-01-07,15923695,gw_3,13,1569,1,1,1,1,1,0,1,1,route_1,,
2025-01-08,15923695,gw_4,15,1584,1,1,1,0,0,0,1,1,route_2,,
2025-01-09,15923695,gw_2,15,1599,0,1,1,0,0,0,0,0,route_3,,
2025-01-10,15923695,gw_3,9,1608,1,1,0,1,0,0,1,1,route_1,,
2025-01-11,15923695,gw_1,13,1621,0,1,0,1,1,0,0,0,route_2,,
2025-01-12,15923695,gw_2,9,1630,0,1,1,0,1,0,1,0,route_1,,
2025-01-13,15923695,gw_2,8,1638,1,1,1,0,0,0,1,0,route_2,,
2025-01-14,15923695,gw_4,5,1643,0,1,0,1,1,0,0,1,route_1,,
2025-01-15,15923695,gw_1,12,1655,1,0,0,1,1,1,1,1,route_3,,
2025-01-16,15923695,gw_3,11,1666,1,1,1,1,1,0,0,1,route_1,,
2025-01-17,15923695,gw_2,0,1662,0,0,0,0,1,0,1,0,route_1,,
2025-01-18,15923695,gw_4,13,1675,1,0,0,0,0,1,0,0,route_2,,
2025-01-19,15923695,gw_4,10,1685,1,1,0,0,1,0,0,1,route_1,,
2025-01-20,15923695,gw_1,7,1692,1,1,0,0,1,0,0,1,route_2,,
2025-01-21,15923695,gw_3,13,1705,1,0,0,0,1,0,0,1,route_3,,
2025-01-22,15923695,gw_2,9,1714,1,1,0,1,0,0,1,0,route_3,,
2025-01-23,15923695,gw_1,5,1719,0,0,1,0,0,0,1,1,route_3,,
2025-01-24,15923695,gw_5,7,1726,1,1,0,1,1,1,0,1,route_1,,
2025-01-25,15923695,gw_5,12,1738,1,0,0,0,0,1,0,1,route_3,,
2025-01-26,15923695,gw_2,12,1750,1,1,1,0,0,0,1,1,route_1,,
2025-01-27,15923695,gw_1,12,1762,1,1,1,0,1,1,1,1,route_1,,
2025-01-28,15923695,gw_5,5,1767,1,1,0,0,0,0,1,0,route_1,,
2025-01-29,15923695,gw_4,14,1781,0,1,0,0,0,0,0,0,route_2,,
2025-01-30,15923695,gw_2,14,1795,0,0,1,0,1,1,0,1,route_3,,
2025-01-31,15923695,gw_3,8,1803,0,1,0,1,0,1,1,0,route_2,,
2025-02-01,15923695,gw_3,15,1818,0,0,0,0,0,0,0,1,route_3,,
2025-02-02,15923695,gw_3,7,1825,0,1,1,0,0,0,0,0,route_1,,
2025-02-03,15923695,gw_4,0,1817,0,1,0,0,1,1,0,1,route_3,,
2025-02-04,15923695,gw_1,14,1831,1,1,0,1,1,1,1,1,route_2,,
2025-02-05,15923695,gw_1,6,1837,1,0,1,0,1,0,1,0,route_1,,
2025-02-06,15923695,gw_4,0,1830,0,1,0,0,0,0,0,1,route_2,,
2025-02-07,15923695,gw_3,15,1845,1,0,0,0,1,0,1,0,route_3,,
2025-02-08,15923695,gw_1,5,1850,1,0,1,0,0,0,0,0,route_2,,
2025-02-09,15923695,gw_3,15,1865,1,1,1,1,1,0,0,1,route_2,,
2025-02-10,15923695,gw_1,7,1872,0,0,0,1,1,0,1,1,route_2,,
2025-02-11,15923695,gw_2,14,1886,0,0,1,1,1,0,1,1,route_2,,
2025-02-12,15923695,gw_1,15,1901,1,0,1,0,0,1,0,1,route_1,,
2025-02-13,15923695,gw_4,5,1906,1,1,0,0,0,1,1,1,route_3,,
2025-02-14,15923695,gw_4,14,1920,0,1,1,0,1,1,0,1,route_1,,
2025-02-15,15923695,gw_4,12,1932,1,1,0,0,1,1,0,0,route_1,,
2025-02-16,15923695,gw_4,11,1943,1,1,0,0,0,0,0,0,route_1,,
2025-02-17,15923695,gw_4,15,1958,0,0,0,1,1,1,0,0,route_1,,
2025-02-18,15923695,gw_3,10,1968,0,1,0,1,0,0,0,0,route_1,,
2025-02-19,15923695,gw_2,8,1976,1,0,1,0,0,1,1,1,route_2,,
2025-02-20,15923695,gw_3,11,1987,1,1,0,1,1,1,1,0,route_1,,
2025-02-21,15923695,gw_5,11,1998,1,1,0,1,1,1,0,1,route_1,,
2025-02-22,15923695,gw_3,15,2013,0,0,0,1,0,0,1,1,route_2,,
2025-02-23,15923695,gw_1,11,2024,1,1,1,0,0,1,0,0,route_3,,
2025-02-24,15923695,gw_3,0,2021,1,0,0,0,1,0,0,0,route_3,,
2025-02-25,15923695,gw_4,5,2026,1,1,0,0,0,0,1,1,route_2,,
2025-02-26,15923695,gw_5,11,2037,0,1,1,0,1,0,1,0,route_3,,
2025-02-27,15923695,gw_4,7,2044,1,1,0,1,1,1,0,1,route_3,,
2025-02-28,15923695,gw_4,10,2054,0,1,1,0,1,1,1,0,route_2,,
2025-03-01,15923695,gw_2,11,2065,0,0,1,1,0,0,1,1,route_2,,
2025-03-02,15923695,gw_5,6,2071,0,0,1,1,1,1,1,0,route_2,,
2025-03-03,15923695,gw_1,12,2083,1,1,0,1,1,1,1,0,route_3,,
2025-03-04,15923695,gw_5,11,2094,1,0,0,1,1,1,0,0,route_3,,
2025-03-05,15923695,gw_5,10,2104,1,0,1,0,1,1,1,0,route_2,,
2025-03-06,15923695,gw_2,9,2113,0,0,1,1,1,0,1,1,route_1,,
2025-03-07,15923695,gw_2,14,2127,1,0,0,0,1,1,0,0,route_3,,
2025-03-08,15923695,gw_2,15,2142,1,0,0,1,1,0,0,0,route_1,,
2025-03-09,15923695,gw_2,12,2154,1,0,1,0,0,0,1,1,route_3,,
2025-03-10,15923695,gw_4,13,2167,1,0,0,1,1,1,1,1,route_2,,
2025-03-11,15923695,gw_4,9,2176,1,1,0,1,0,1,1,0,route_3,,
2025-03-12,15923695,gw_2,10,2186,0,0,0,1,1,0,1,0,route_3,,
2025-03-13,15923695,gw_2,6,2192,0,0,0,0,0,1,1,0,route_2,,
2025-03-14,15923695,gw_1,14,2206,0,1,1,1,1,0,1,1,route_2,,
2025-03-15,15923695,gw_2,15,2221,0,1,0,1,1,1,1,1,route_3,,
2025-03-16,15923695,gw_2,5,2226,0,1,0,0,0,1,0,1,route_1,,
2025-03-17,15923695,gw_4,10,2236,1,1,0,1,1,1,1,0,route_3,,
2025-03-18,15923695,gw_2,15,2251,0,1,0,1,0,0,0,0,route_2,,
2025-03-19,15923695,gw_2,11,2262,0,1,1,0,1,1,1,0,route_2,,
2025-03-20,15923695,gw_2,5,2267,0,1,0,0,0,1,0,1,route_1,,
2025-03-21,15923695,gw_1,7,2274,1,1,0,0,0,0,0,0,route_2,,
2025-03-22,15923695,gw_3,6,2280,0,0,0,0,0,1,1,0,route_3,,
2025-03-23,15923695,gw_5,12,2292,1,1,1,0,0,0,1,1,route_2,,
2025-03-24,15923695,gw_2,6,2298,1,0,1,1,1,1,0,1,route_2,,
2025-03-25,15923695,gw_3,13,2311,1,0,1,0,1,0,1,1,route_2,,
2025-03-26,15923695,gw_3,5,2316,0,1,1,0,0,1,0,1,route_2,,
2025-03-27,15923695,gw_2,8,2324,0,0,1,1,1,0,1,1,route_2,,
2025-03-28,15923695,gw_1,15,2339,0,1,0,0,0,0,1,1,route_3,,
2025-03-29,15923695,gw_1,15,2354,1,0,0,1,1,1,0,1,route_3,,
2025-03-30,15923695,gw_2,0,2352,0,0,1,0,0,1,0,0,route_1,,
2025-03-31,15923695,gw_2,6,2358,1,1,0,0,0,0,0,0,route_1,,
2025-04-01,15923695,gw_4,15,2373,0,1,0,1,0,0,1,1,route_3,,
2025-04-02,15923695,gw_3,9,2382,0,0,1,1,0,1,1,1,route_3,,
2025-04-03,15923695,gw_1,15,2397,1,1,0,0,1,1,1,1,route_1,,
2025-04-04,15923695,gw_3,11,2408,0,1,1,1,1,1,1,1,route_3,,
2025-04-05,15923695,gw_4,6,2414,0,1,0,1,1,0,1,1,route_3,,
2025-04-06,15923695,gw_3,9,2423,1,0,1,1,0,0,1,0,route_2,,
2025-04-07,15923695,gw_2,7,2430,0,1,0,0,1,1,0,1,route_2,,
2025-04-08,15923695,gw_4,14,2444,1,0,0,0,0,0,0,1,route_2,,
2025-04-09,15923695,gw_5,13,2457,0,1,0,1,1,0,0,0,route_2,,
2025-04-10,15923695,gw_3,8,2465,0,1,0,0,0,1,0,0,route_3,,
2025-01-01,5923683,gw_4,14,1092,1,0,1,0,1,0,1,0,route_2,,
2025-01-02,5923683,gw_1,15,1107,1,1,0,1,1,1,1,0,route_2,,
2025-01-03,5923683,gw_1,7,1114,1,1,0,0,0,1,0,1,route_1,,
2025-01-04,5923683,gw_4,12,1126,0,1,1,1,1,1,1,0,route_2,,
2025-01-05,5923683,gw_1,11,1137,1,0,0,1,1,0,0,1,route_1,,
2025-01-06,5923683,gw_2,15,1152,0,0,1,1,1,0,1,1,route_2,,
2025-01-07,5923683,gw_4,11,1163,0,1,0,1,0,1,0,0,route_1,,
2025-01-08,5923683,gw_3,7,1170,1,0,0,0,1,1,1,0,route_1,,
2025-01-09,5923683,gw_5,7,1177,1,0,0,1,0,0,1,1,route_2,,
2025-01-10,5923683,gw_4,10,1187,0,0,0,1,0,1,0,0,route_2,,
2025-01-11,5923683,gw_4,8,1195,1,0,0,1,0,1,0,0,route_3,,
2025-01-12,5923683,gw_1,8,1203,1,0,0,1,0,1,1,0,route_2,,
2025-01-13,5923683,gw_2,11,1214,0,1,1,0,0,0,0,1,route_3,,
2025-01-14,5923683,gw_2,9,1223,1,0,1,1,0,0,1,1,route_3,,
2025-01-15,5923683,gw_1,6,1229,1,1,1,1,1,1,0,1,route_3,,
2025-01-16,5923683,gw_5,7,1236,0,0,1,0,0,1,1,0,route_3,,
2025-01-17,5923683,gw_4,6,1242,1,1,1,1,0,0,0,1,route_3,,
2025-01-18,5923683,gw_5,9,1251,1,1,0,0,0,1,1,0,route_3,,
2025-01-19,5923683,gw_1,5,1256,1,1,0,0,1,1,0,1,route_2,,
2025-01-20,5923683,gw_2,0,1248,0,0,1,0,1,0,0,0,route_1,,
2025-01-21,5923683,gw_2,12,1260,1,1,0,1,0,1,0,1,route_3,,
2025-01-22,5923683,gw_3,8,1268,1,0,1,1,1,0,1,1,route_1,,
2025-01-23,5923683,gw_4,15,1283,0,1,0,1,1,0,0,1,route_3,,
2025-01-24,5923683,gw_5,7,1290,0,0,1,1,1,0,1,1,route_3,,
2025-01-25,5923683,gw_1,10,1300,0,1,1,0,1,1,0,0,route_1,,
2025-01-26,5923683,gw_2,0,1298,0,0,0,1,1,0,1,0,route_1,,
2025-01-27,5923683,gw_2,5,1303,1,0,1,1,1,0,0,0,route_2,,
2025-01-28,5923683,gw_1,12,1315,0,0,0,1,0,0,0,1,route_3,,
2025-01-29,5923683,gw_2,15,1330,0,1,0,0,1,1,0,0,route_2,,
2025-01-30,5923683,gw_2,11,1341,1,0,1,0,1,1,0,1,route_2,,
2025-01-31,5923683,gw_5,13,1354,1,1,0,1,1,1,1,0,route_2,,
2025-02-01,5923683,gw_4,15,1369,0,1,0,0,1,0,0,1,route_1,,
2025-02-02,5923683,gw_1,6,1375,1,0,1,0,0,0,0,1,route_1,,
2025-02-03,5923683,gw_1,13,1388,1,1,1,0,1,1,0,1,route_2,,
2025-02-04,5923683,gw_1,13,1401,1,0,1,0,0,1,0,1,route_3,,
2025-02-05,5923683,gw_2,12,1413,1,1,1,1,0,1,1,1,route_1,,
2025-02-06,5923683,gw_1,15,1428,0,1,1,1,0,0,1,1,route_2,,
2025-02-07,5923683,gw_4,12,1440,1,0,0,0,1,0,0,1,route_2,,
2025-02-08,5923683,gw_3,15,1455,1,1,1,0,1,1,0,1,route_1,,
2025-02-09,5923683,gw_1,10,1465,1,0,0,0,0,1,0,0,route_3,,
2025-02-10,5923683,gw_3,8,1473,1,1,1,1,1,0,0,1,route_2,,
2025-02-11,5923683,gw_3,14,1487,0,0,0,1,0,0,0,0,route_1,,
2025-02-12,5923683,gw_4,6,1493,1,1,1,1,0,1,1,1,route_3,,
2025-02-13,5923683,gw_4,12,1505,1,1,1,1,0,0,1,1,route_1,,
2025-02-14,5923683,gw_3,6,1511,1,0,0,0,1,0,0,0,route_2,,
2025-02-15,5923683,gw_5,14,1525,0,1,0,1,1,0,0,0,route_3,,
2025-02-16,5923683,gw_4,9,1534,0,1,1,0,1,1,1,0,route_2,,
2025-02-17,5923683,gw_5,15,1549,0,0,0,1,1,1,0,0,route_1,,
2025-02-18,5923683,gw_1,14,1563,0,0,0,0,0,1,1,0,route_2,,
2025-02-19,5923683,gw_2,13,1576,0,1,0,0,1,0,0,0,route_2,,
2025-02-20,5923683,gw_1,6,1582,0,1,1,0,1,0,1,0,route_2,,
2025-02-21,5923683,gw_1,9,1591,0,1,0,1,0,0,0,1,route_1,,
2025-02-22,5923683,gw_2,14,1605,0,1,1,1,0,0,1,0,route_2,,
2025-02-23,5923683,gw_1,8,1613,0,0,0,1,0,1,1,0,route_3,,
2025-02-24,5923683,gw_2,14,1627,0,1,1,0,0,1,1,0,route_3,,
2025-02-25,5923683,gw_1,9,1636,0,0,0,0,0,0,1,1,route_1,,
2025-02-26,5923683,gw_3,11,1647,0,0,0,0,1,0,0,0,route_3,,
2025-02-27,5923683,gw_4,7,1654,1,1,1,1,1,1,1,1,route_1,,
2025-02-28,5923683,gw_5,9,1663,1,1,0,0,1,1,1,0,route_1,,
2025-03-01,5923683,gw_2,15,1678,0,1,0,0,1,1,0,1,route_3,,
2025-03-02,5923683,gw_5,15,1693,1,1,0,0,1,0,0,1,route_1,,
2025-03-03,5923683,gw_5,10,1703,1,1,1,0,0,0,0,1,route_2,,
2025-03-04,5923683,gw_4,15,1718,0,1,0,0,1,1,1,1,route_2,,
2025-03-05,5923683,gw_2,11,1729,1,1,0,0,0,0,0,0,route_1,,
2025-03-06,5923683,gw_2,13,1742,0,0,0,1,0,1,0,0,route_1,,
2025-03-07,5923683,gw_1,15,1757,1,1,0,0,1,1,1,1,route_2,,
2025-03-08,5923683,gw_4,6,1763,0,0,1,0,1,1,1,1,route_1,,
2025-03-09,5923683,gw_2,15,1778,0,0,0,1,1,1,1,0,route_3,,
2025-03-10,5923683,gw_4,10,1788,0,1,0,0,1,0,1,0,route_2,,
2025-03-11,5923683,gw_5,8,1796,1,1,0,0,1,1,1,0,route_2,,
2025-03-12,5923683,gw_1,11,1807,1,0,1,1,0,0,1,0,route_3,,
2025-03-13,5923683,gw_4,5,1812,0,0,0,1,1,1,1,1,route_2,,
2025-03-14,5923683,gw_4,7,1819,1,1,1,1,0,0,0,0,route_2,,
2025-03-15,5923683,gw_5,6,1825,0,0,0,1,1,0,0,0,route_1,,
2025-03-16,5923683,gw_4,12,1837,0,0,1,0,1,1,1,0,route_1,,
2025-03-17,5923683,gw_3,8,1845,1,1,1,1,1,1,0,0,route_3,,
2025-03-18,5923683,gw_5,10,1855,0,1,0,1,0,0,1,1,route_3,,
2025-03-19,5923683,gw_1,14,1869,1,1,1,0,1,0,0,1,route_1,,
2025-03-20,5923683,gw_1,10,1879,0,0,0,1,0,0,1,0,route_1,,
2025-03-21,5923683,gw_5,6,1885,1,0,1,0,1,1,1,1,route_2,,
2025-03-22,5923683,gw_5,11,1896,1,0,0,0,1,0,1,0,route_1,,
2025-03-23,5923683,gw_4,8,1904,1,0,1,1,0,1,1,1,route_1,,
2025-03-24,5923683,gw_1,5,1909,1,1,1,0,1,1,1,1,route_1,,
2025-03-25,5923683,gw_1,14,1923,1,0,0,0,1,1,0,1,route_2,,
2025-03-26,5923683,gw_5,0,1913,1,1,0,1,1,1,1,0,route_3,,
2025-03-27,5923683,gw_1,8,1921,1,0,0,1,0,1,0,1,route_3,,
2025-03-28,5923683,gw_2,15,1936,1,0,1,0,1,1,1,1,route_2,,
2025-03-29,5923683,gw_2,13,1949,1,0,0,0,0,0,0,1,route_1,,
2025-03-30,5923683,gw_1,7,1956,1,1,0,1,0,0,0,1,route_2,,
2025-03-31,5923683,gw_3,8,1964,0,1,0,1,0,0,0,1,route_1,,
2025-04-01,5923683,gw_2,12,1976,1,0,0,0,0,1,1,1,route_2,,
2025-04-02,5923683,gw_5,13,1989,1,0,0,1,1,0,1,1,route_1,,
2025-04-03,5923683,gw_4,5,1994,0,0,1,0,0,0,0,1,route_3,,
2025-04-04,5923683,gw_4,6,2000,1,0,1,1,1,1,0,1,route_1,,
2025-04-05,5923683,gw_5,14,2014,1,1,0,1,1,1,0,0,route_2,,
2025-04-06,5923683,gw_4,11,2025,0,0,1,0,0,1,0,1,route_1,,
2025-04-07,5923683,gw_1,13,2038,0,0,0,1,0,0,0,0,route_2,,
2025-04-08,5923683,gw_2,14,2052,0,1,0,0,0,1,1,0,route_2,,
2025-04-09,5923683,gw_3,10,2062,0,0,0,0,1,1,1,0,route_2,,
2025-04-10,5923683,gw_1,0,2058,0,0,0,1,1,1,0,0,route_2,,
2025-01-01,43499,gw_2,8,1795,1,0,1,1,0,0,1,0,route_2,,
2025-01-02,43499,gw_2,9,1804,1,1,0,1,1,1,0,1,route_2,,
2025-01-03,43499,gw_3,10,1814,1,0,1,0,1,0,0,1,route_1,,
2025-01-04,43499,gw_2,12,1826,0,1,0,1,0,1,1,0,route_1,,
2025-01-05,43499,gw_4,5,1831,0,0,0,0,1,0,1,1,route_1,,
2025-01-06,43499,gw_5,0,1821,0,1,1,0,0,0,0,1,route_2,,
2025-01-07,43499,gw_2,14,1835,1,0,1,0,0,0,0,1,route_1,,
2025-01-08,43499,gw_1,6,1841,0,0,1,1,0,1,0,1,route_1,,
2025-01-09,43499,gw_4,8,1849,0,0,0,0,0,0,1,1,route_2,,
2025-01-10,43499,gw_4,9,1858,0,0,0,1,1,0,0,0,route_3,,
2025-01-11,43499,gw_2,0,1852,0,0,1,1,0,1,0,0,route_3,,
2025-01-12,43499,gw_2,13,1865,0,0,0,1,0,0,1,0,route_1,,
2025-01-13,43499,gw_5,9,1874,0,1,1,1,1,0,1,1,route_1,,
2025-01-14,43499,gw_3,12,1886,0,0,0,1,0,1,0,1,route_1,,
2025-01-15,43499,gw_5,15,1901,0,1,1,0,0,0,0,1,route_1,,
2025-01-16,43499,gw_5,14,1915,0,0,0,1,1,1,0,0,route_3,,
2025-01-17,43499,gw_1,6,1921,1,1,0,0,0,1,0,0,route_2,,
2025-01-18,43499,gw_3,6,1927,0,0,0,1,1,0,1,1,route_1,,
2025-01-19,43499,gw_4,5,1932,1,1,1,0,1,1,0,0,route_2,,
2025-01-20,43499,gw_4,12,1944,0,0,0,0,1,1,0,1,route_2,,
2025-01-21,43499,gw_4,13,1957,1,0,0,1,1,0,1,0,route_3,,
2025-01-22,43499,gw_3,8,1965,1,0,0,0,0,0,1,0,route_1,,
2025-01-23,43499,gw_4,6,1971,0,1,1,0,1,1,0,0,route_2,,
2025-01-24,43499,gw_2,15,1986,1,0,0,0,1,0,1,0,route_1,,
2025-01-25,43499,gw_2,15,2001,1,0,1,0,0,1,0,1,route_2,,
2025-01-26,43499,gw_1,5,2006,1,0,0,1,0,0,1,0,route_1,,
2025-01-27,43499,gw_4,10,2016,1,1,0,1,1,0,1,1,route_3,,
2025-01-28,43499,gw_2,6,2022,1,0,1,1,1,1,1,1,route_1,,
2025-01-29,43499,gw_5,8,2030,1,0,0,1,0,1,0,1,route_2,,
2025-01-30,43499,gw_2,15,2045,1,1,0,0,1,1,0,0,route_1,,
2025-01-31,43499,gw_2,0,2037,1,1,1,1,0,0,0,0,route_2,,
2025-02-01,43499,gw_5,15,2052,0,1,0,1,1,1,0,1,route_2,,
2025-02-02,43499,gw_3,12,2064,0,0,1,1,0,1,0,1,route_2,,
2025-02-03,43499,gw_3,13,2077,0,1,0,0,0,0,0,0,route_1,,
2025-02-04,43499,gw_1,6,2083,1,0,1,0,0,0,0,0,route_1,,
2025-02-05,43499,gw_5,11,2094,1,0,0,1,1,1,0,1,route_1,,
2025-02-06,43499,gw_2,6,2100,1,0,0,1,1,1,0,0,route_1,,
2025-02-07,43499,gw_4,0,2099,0,1,1,0,0,0,1,0,route_2,,
2025-02-08,43499,gw_4,15,2114,0,1,0,0,0,1,1,1,route_1,,
2025-02-09,43499,gw_2,11,2125,0,1,1,1,1,0,0,0,route_2,,
2025-02-10,43499,gw_1,6,2131,0,0,0,0,0,1,0,0,route_3,,
2025-02-11,43499,gw_4,9,2140,0,0,0,0,0,1,0,1,route_1,,
2025-02-12,43499,gw_5,7,2147,0,1,1,0,0,0,1,1,route_3,,
2025-02-13,43499,gw_3,15,2162,0,0,0,1,1,1,0,0,route_3,,
2025-02-14,43499,gw_2,13,2175,1,1,1,1,0,0,0,0,route_3,,
2025-02-15,43499,gw_1,6,2181,0,0,0,0,1,0,1,1,route_1,,
2025-02-16,43499,gw_3,9,2190,1,1,0,1,0,1,1,0,route_2,,
2025-02-17,43499,gw_2,8,2198,0,0,0,1,0,1,0,0,route_3,,
2025-02-18,43499,gw_1,11,2209,0,0,1,0,1,1,0,0,route_1,,
2025-02-19,43499,gw_4,13,2222,1,1,1,0,1,0,1,1,route_3,,
2025-02-20,43499,gw_3,10,2232,1,0,0,1,0,1,0,0,route_1,,
2025-02-21,43499,gw_4,8,2240,0,0,0,1,0,0,0,1,route_2,,
2025-02-22,43499,gw_2,12,2252,1,1,1,1,0,0,0,1,route_2,,
2025-02-23,43499,gw_5,10,2262,1,1,0,0,1,0,1,0,route_2,,
2025-02-24,43499,gw_3,10,2272,1,0,0,0,1,0,0,0,route_1,,
2025-02-25,43499,gw_3,11,2283,1,1,1,1,0,1,1,0,route_3,,
2025-02-26,43499,gw_1,13,2296,0,0,0,1,1,1,0,1,route_3,,
2025-02-27,43499,gw_5,10,2306,0,0,1,1,1,0,0,1,route_3,,
2025-02-28,43499,gw_4,11,2317,0,1,1,1,0,0,1,0,route_1,,
2025-03-01,43499,gw_3,11,2328,0,0,0,1,0,0,0,1,route_3,,
2025-03-02,43499,gw_5,10,2338,0,1,1,0,0,0,1,0,route_2,,
2025-03-03,43499,gw_3,5,2343,1,0,0,1,1,0,1,1,route_3,,
2025-03-04,43499,gw_1,14,2357,1,0,0,0,1,0,0,1,route_3,,
2025-03-05,43499,gw_5,6,2363,0,0,1,0,1,1,0,1,route_2,,
2025-03-06,43499,gw_4,14,2377,1,0,0,1,1,0,0,1,route_2,,
2025-03-07,43499,gw_4,11,2388,1,0,0,1,1,0,0,0,route_2,,
2025-03-08,43499,gw_5,10,2398,0,0,1,0,0,1,1,1,route_3,,
2025-03-09,43499,gw_4,7,2405,1,0,0,0,1,0,0,1,route_3,,
2025-03-10,43499,gw_3,12,2417,1,0,0,1,0,0,0,1,route_2,,
2025-03-11,43499,gw_1,13,2430,0,0,0,0,0,0,1,1,route_2,,
2025-03-12,43499,gw_1,6,2436,1,0,1,0,1,0,1,1,route_1,,
2025-03-13,43499,gw_4,8,2444,1,1,0,1,1,1,0,1,route_3,,
2025-03-14,43499,gw_1,6,2450,0,0,0,0,0,0,0,0,route_2,,
2025-03-15,43499,gw_4,12,2462,0,0,0,1,1,1,1,0,route_1,,
2025-03-16,43499,gw_3,14,2476,0,0,0,1,0,1,0,1,route_2,,
2025-03-17,43499,gw_5,8,2484,1,1,1,1,1,1,0,1,route_1,,
2025-03-18,43499,gw_5,7,2491,0,0,1,0,1,0,0,1,route_1,,
2025-03-19,43499,gw_1,15,2506,0,1,0,1,1,1,0,0,route_2,,
2025-03-20,43499,gw_2,11,2517,1,0,1,1,1,0,0,0,route_3,,
2025-03-21,43499,gw_5,6,2523,1,0,1,0,1,0,0,0,route_3,,
2025-03-22,43499,gw_4,15,2538,0,0,1,1,0,1,0,0,route_2,,
2025-03-23,43499,gw_1,15,2553,0,0,0,0,0,0,0,0,route_1,,
2025-03-24,43499,gw_5,14,2567,1,1,1,0,0,0,1,0,route_3,,
2025-03-25,43499,gw_1,11,2578,1,0,1,0,1,1,1,0,route_3,,
2025-03-26,43499,gw_5,14,2592,1,1,1,1,0,0,0,0,route_2,,
2025-03-27,43499,gw_2,12,2604,1,0,0,0,1,1,0,0,route_2,,
2025-03-28,43499,gw_4,12,2616,0,0,1,1,0,1,1,1,route_3,,
2025-03-29,43499,gw_3,15,2631,1,1,1,1,1,1,0,0,route_1,,
2025-03-30,43499,gw_1,11,2642,0,1,1,1,0,1,0,0,route_2,,
2025-03-31,43499,gw_4,12,2654,1,0,1,0,1,1,0,1,route_3,,
2025-04-01,43499,gw_2,15,2669,1,0,0,1,0,0,1,1,route_3,,
2025-04-02,43499,gw_1,12,2681,0,1,0,0,1,0,0,1,route_2,,
2025-04-03,43499,gw_2,12,2693,0,0,0,1,0,1,1,1,route_3,,
2025-04-04,43499,gw_2,5,2698,1,1,1,1,1,1,1,1,route_2,,
2025-04-05,43499,gw_1,15,2713,1,0,1,1,1,0,0,0,route_2,,
2025-04-06,43499,gw_5,5,2718,0,1,0,1,0,1,0,0,route_1,,
2025-04-07,43499,gw_3,11,2729,1,1,1,1,0,1,1,0,route_1,,
2025-04-08,43499,gw_5,10,2739,0,0,0,0,1,0,1,0,route_2,,
2025-04-09,43499,gw_4,15,2754,1,1,0,0,1,0,1,0,route_2,,
2025-04-10,43499,gw_3,6,2760,0,0,0,0,1,0,1,0,route_2,,
2025-01-01,51052,gw_1,5,1214,0,0,1,0,0,1,0,0,route_2,,
2025-01-02,51052,gw_4,0,1208,0,1,1,0,0,0,0,0,route_3,,
2025-01-03,51052,gw_4,13,1221,1,1,1,1,1,0,0,0,route_2,,
2025-01-04,51052,gw_1,13,1234,0,1,0,1,1,0,1,1,route_2,,
2025-01-05,51052,gw_1,14,1248,1,1,1,0,0,0,0,1,route_2,,
2025-01-06,51052,gw_4,15,1263,1,0,0,0,0,1,1,1,route_3,,
2025-01-07,51052,gw_1,13,1276,0,1,1,1,0,1,0,0,route_2,,
2025-01-08,51052,gw_3,15,1291,0,0,1,0,1,0,1,1,route_3,,
2025-01-09,51052,gw_1,6,1297,0,1,1,0,1,0,0,1,route_2,,
2025-01-10,51052,gw_4,10,1307,1,0,1,0,0,0,1,0,route_1,,
2025-01-11,51052,gw_3,5,1312,0,0,1,0,1,1,0,1,route_1,,
2025-01-12,51052,gw_4,7,1319,0,1,0,1,0,1,1,1,route_3,,
2025-01-13,51052,gw_1,14,1333,1,0,1,0,1,1,0,0,route_1,,
2025-01-14,51052,gw_3,6,1339,0,0,0,1,0,1,1,1,route_1,,
2025-01-15,51052,gw_4,11,1350,0,1,1,0,0,1,1,0,route_2,,
2025-01-16,51052,gw_2,14,1364,1,0,1,0,0,1,0,0,route_2,,
2025-01-17,51052,gw_2,8,1372,1,0,1,1,0,0,1,0,route_2,,
2025-01-18,51052,gw_3,13,1385,1,1,0,1,1,0,0,0,route_2,,
2025-01-19,51052,gw_4,6,1391,1,1,1,0,1,0,0,1,route_1,,
2025-01-20,51052,gw_4,8,1399,1,1,0,0,0,0,0,0,route_2,,
2025-01-21,51052,gw_4,5,1404,0,0,1,1,1,0,1,1,route_3,,
2025-01-22,51052,gw_2,14,1418,0,1,1,1,0,0,0,0,route_3,,
2025-01-23,51052,gw_1,7,1425,1,1,1,0,1,1,0,0,route_1,,
2025-01-24,51052,gw_2,5,1430,0,1,1,1,1,0,0,1,route_2,,
2025-01-25,51052,gw_1,15,1445,1,1,1,0,1,0,1,1,route_3,,
2025-01-26,51052,gw_5,12,1457,0,1,1,0,0,1,1,0,route_1,,
2025-01-27,51052,gw_4,15,1472,0,0,1,1,1,0,1,1,route_2,,
2025-01-28,51052,gw_2,10,1482,1,0,1,1,1,1,1,0,route_2,,
2025-01-29,51052,gw_1,11,1493,1,1,0,1,0,0,1,0,route_3,,
2025-01-30,51052,gw_2,14,1507,1,0,0,0,1,0,0,1,route_3,,
2025-01-31,51052,gw_2,11,1518,1,0,0,0,0,0,0,0,route_2,,
2025-02-01,51052,gw_3,9,1527,1,0,0,0,1,1,0,0,route_1,,
2025-02-02,51052,gw_1,15,1542,0,0,1,1,1,1,1,1,route_3,,
2025-02-03,51052,gw_5,14,1556,0,1,0,0,0,0,0,1,route_1,,
2025-02-04,51052,gw_2,8,1564,1,0,1,1,0,1,0,0,route_3,,
2025-02-05,51052,gw_3,13,1577,1,1,0,0,0,0,1,0,route_1,,
2025-02-06,51052,gw_5,5,1582,0,0,1,0,1,1,1,1,route_2,,
2025-02-07,51052,gw_4,12,1594,0,0,1,0,1,0,0,1,route_1,,
2025-02-08,51052,gw_4,7,1601,0,0,0,0,1,1,0,1,route_1,,
2025-02-09,51052,gw_1,7,1608,1,0,0,1,0,1,1,0,route_2,,
2025-02-10,51052,gw_1,15,1623,1,1,0,0,1,0,0,1,route_3,,
2025-02-11,51052,gw_4,5,1628,1,0,0,0,1,0,0,1,route_3,,
2025-02-12,51052,gw_4,8,1636,1,1,1,1,0,1,1,0,route_2,,
2025-02-13,51052,gw_1,6,1642,0,0,1,0,1,1,1,1,route_1,,
2025-02-14,51052,gw_2,11,1653,0,1,1,0,0,0,1,1,route_1,,
2025-02-15,51052,gw_3,8,1661,0,1,0,0,0,0,0,1,route_1,,
2025-02-16,51052,gw_3,14,1675,1,0,0,0,1,0,0,0,route_1,,
2025-02-17,51052,gw_3,10,1685,1,1,1,1,0,1,1,0,route_1,,
2025-02-18,51052,gw_2,6,1691,0,1,0,1,1,0,0,1,route_1,,
2025-02-19,51052,gw_5,5,1696,0,1,0,1,0,0,0,1,route_2,,
2025-02-20,51052,gw_2,14,1710,1,1,1,1,0,1,0,0,route_3,,
2025-02-21,51052,gw_3,8,1718,0,1,0,1,1,1,1,0,route_3,,
2025-02-22,51052,gw_5,13,1731,0,0,1,0,0,1,1,0,route_1,,
2025-02-23,51052,gw_2,7,1738,1,0,1,0,1,1,0,0,route_3,,
2025-02-24,51052,gw_1,8,1746,1,0,1,1,0,0,1,1,route_2,,
2025-02-25,51052,gw_1,6,1752,0,0,1,0,1,1,1,1,route_2,,
2025-02-26,51052,gw_2,13,1765,1,1,0,1,1,1,0,0,route_2,,
2025-02-27,51052,gw_4,10,1775,0,1,1,1,0,1,1,1,route_3,,
2025-02-28,51052,gw_4,14,1789,1,0,1,1,1,1,0,0,route_2,,
2025-03-01,51052,gw_1,5,1794,0,1,1,1,0,0,0,1,route_2,,
2025-03-02,51052,gw_2,9,1803,1,1,1,0,0,0,1,0,route_3,,
2025-03-03,51052,gw_5,13,1816,1,1,1,1,0,0,1,1,route_3,,
2025-03-04,51052,gw_2,15,1831,1,1,0,1,0,1,0,1,route_3,,
2025-03-05,51052,gw_3,6,1837,1,0,0,0,1,0,1,1,route_3,,
2025-03-06,51052,gw_1,15,1852,0,0,1,0,0,1,1,0,route_1,,
2025-03-07,51052,gw_1,11,1863,0,1,1,1,0,0,1,0,route_3,,
2025-03-08,51052,gw_5,14,1877,0,1,1,1,0,1,0,1,route_3,,
2025-03-09,51052,gw_1,11,1888,0,0,1,0,0,0,1,1,route_3,,
2025-03-10,51052,gw_1,0,1883,0,0,1,0,0,0,0,1,route_2,,
2025-03-11,51052,gw_5,8,1891,1,1,0,1,0,0,0,0,route_3,,
2025-03-12,51052,gw_3,11,1902,1,1,1,0,1,1,1,0,route_2,,
2025-03-13,51052,gw_5,9,1911,0,1,0,0,1,0,1,0,route_3,,
2025-03-14,51052,gw_3,13,1924,1,0,0,0,1,1,1,1,route_3,,
2025-03-15,51052,gw_1,13,1937,1,0,1,0,0,0,0,0,route_3,,
2025-03-16,51052,gw_4,8,1945,0,0,1,0,0,1,1,1,route_2,,
2025-03-17,51052,gw_1,10,1955,0,1,1,0,1,0,1,0,route_1,,
2025-03-18,51052,gw_4,12,1967,1,1,1,1,1,1,0,1,route_3,,
2025-03-19,51052,gw_4,6,1973,1,0,1,0,1,0,1,0,route_1,,
2025-03-20,51052,gw_2,15,1988,0,1,0,1,1,1,1,0,route_3,,
2025-03-21,51052,gw_5,15,2003,0,0,1,0,0,1,0,1,route_1,,
2025-03-22,51052,gw_1,8,2011,1,0,1,1,1,0,1,0,route_2,,
2025-03-23,51052,gw_5,14,2025,1,0,0,1,0,1,0,1,route_1,,
2025-03-24,51052,gw_2,7,2032,1,0,1,1,1,0,0,1,route_2,,
2025-03-25,51052,gw_1,7,2039,1,0,1,1,0,0,0,0,route_2,,
2025-03-26,51052,gw_2,8,2047,0,0,0,0,1,0,0,0,route_3,,
2025-03-27,51052,gw_1,13,2060,0,0,1,0,0,0,1,1,route_1,,
2025-03-28,51052,gw_5,6,2066,1,0,1,1,1,1,0,0,route_2,,
2025-03-29,51052,gw_3,0,2059,1,0,1,0,0,1,0,1,route_3,,
2025-03-30,51052,gw_5,14,2073,1,0,0,1,0,0,1,1,route_1,,
2025-03-31,51052,gw_3,15,2088,1,0,0,0,1,1,0,0,route_3,,
2025-04-01,51052,gw_4,10,2098,0,1,0,0,1,0,0,1,route_3,,
2025-04-02,51052,gw_2,9,2107,0,0,1,1,0,0,0,1,route_2,,
2025-04-03,51052,gw_2,10,2117,0,0,0,1,1,0,1,1,route_1,,
2025-04-04,51052,gw_2,9,2126,0,0,1,1,0,0,0,0,route_1,,
2025-04-05,51052,gw_4,7,2133,0,0,1,0,0,0,1,0,route_3,,
2025-04-06,51052,gw_5,12,2145,1,0,0,0,0,1,1,1,route_3,,
2025-04-07,51052,gw_5,13,2158,0,0,0,0,1,1,0,0,route_1,,
2025-04-08,51052,gw_4,7,2165,1,1,1,0,0,1,1,1,route_1,,
2025-04-09,51052,gw_3,8,2173,1,0,1,1,0,0,0,1,route_2,,
2025-04-10,51052,gw_2,5,2178,1,0,1,0,0,0,0,1,route_1,,
2025-01-01,20901,gw_3,14,1462,0,0,0,0,1,0,1,0,route_3,,
2025-01-02,20901,gw_5,14,1476,1,1,0,0,1,0,0,1,route_3,,
2025-01-03,20901,gw_4,6,1482,1,0,1,0,0,0,0,1,route_1,,
2025-01-04,20901,gw_5,11,1493,0,1,1,0,0,1,0,0,route_3,,
2025-01-05,20901,gw_3,8,1501,1,0,0,0,1,0,1,0,route_1,,
2025-01-06,20901,gw_1,12,1513,0,0,1,0,0,0,1,0,route_1,,
2025-01-07,20901,gw_5,10,1523,0,0,0,1,1,1,0,1,route_2,,
2025-01-08,20901,gw_4,11,1534,1,0,1,1,1,1,0,0,route_1,,
2025-01-09,20901,gw_3,6,1540,0,0,0,1,0,0,1,0,route_1,,
2025-01-10,20901,gw_5,10,1550,0,0,0,0,0,0,1,0,route_3,,
2025-01-11,20901,gw_3,9,1559,1,1,1,1,0,1,1,1,route_2,,
2025-01-12,20901,gw_5,9,1568,0,0,1,0,0,1,0,1,route_3,,
2025-01-13,20901,gw_5,8,1576,1,0,1,1,0,0,0,0,route_3,,
2025-01-14,20901,gw_4,11,1587,0,0,1,1,0,1,1,1,route_2,,
2025-01-15,20901,gw_4,6,1593,1,1,0,0,0,1,0,0,route_3,,
2025-01-16,20901,gw_4,5,1598,0,1,0,0,1,0,1,1,route_3,,
2025-01-17,20901,gw_5,6,1604,0,0,0,1,1,0,0,0,route_1,,
2025-01-18,20901,gw_2,13,1617,0,0,1,1,0,0,1,0,route_1,,
2025-01-19,20901,gw_5,6,1623,0,1,1,1,0,0,0,1,route_2,,
2025-01-20,20901,gw_5,5,1628,0,0,0,1,0,1,0,1,route_2,,
2025-01-21,20901,gw_3,13,1641,0,0,1,0,1,1,0,1,route_1,,
2025-01-22,20901,gw_2,15,1656,0,1,0,0,0,1,1,1,route_2,,
2025-01-23,20901,gw_5,12,1668,1,1,0,1,1,0,1,1,route_3,,
2025-01-24,20901,gw_5,14,1682,0,0,0,1,1,1,0,1,route_1,,
2025-01-25,20901,gw_1,13,1695,0,0,0,0,0,1,1,1,route_3,,
2025-01-26,20901,gw_4,6,1701,0,0,0,0,1,1,0,1,route_3,,
2025-01-27,20901,gw_5,11,1712,1,1,0,1,0,0,1,0,route_2,,
2025-01-28,20901,gw_4,7,1719,1,1,0,0,1,0,0,0,route_3,,
2025-01-29,20901,gw_5,10,1729,0,0,0,1,0,1,1,0,route_1,,
2025-01-30,20901,gw_1,10,1739,1,1,0,0,1,1,1,1,route_1,,
2025-01-31,20901,gw_5,7,1746,0,0,1,1,0,1,0,1,route_2,,
2025-02-01,20901,gw_1,8,1754,0,1,0,1,0,0,0,0,route_3,,
2025-02-02,20901,gw_3,12,1766,0,0,1,1,0,1,0,1,route_2,,
2025-02-03,20901,gw_4,9,1775,1,1,1,1,0,0,1,0,route_2,,
2025-02-04,20901,gw_2,5,1780,0,0,1,1,1,1,1,1,route_1,,
2025-02-05,20901,gw_3,14,1794,1,1,0,0,1,0,1,0,route_3,,
2025-02-06,20901,gw_2,10,1804,0,1,1,0,0,0,0,0,route_3,,
2025-02-07,20901,gw_1,13,1817,1,1,1,1,1,0,0,0,route_3,,
2025-02-08,20901,gw_4,12,1829,0,1,1,1,1,0,0,1,route_3,,
2025-02-09,20901,gw_5,11,1840,1,0,1,0,1,0,0,1,route_1,,
2025-02-10,20901,gw_4,9,1849,0,1,1,1,0,0,0,1,route_2,,
2025-02-11,20901,gw_2,9,1858,1,0,1,0,1,0,1,0,route_1,,
2025-02-12,20901,gw_1,11,1869,0,0,1,0,0,1,0,0,route_2,,
2025-02-13,20901,gw_2,9,1878,1,1,1,1,1,0,0,1,route_1,,
2025-02-14,20901,gw_5,7,1885,1,1,0,1,1,1,0,0,route_1,,
2025-02-15,20901,gw_4,5,1890,0,0,1,1,0,1,1,0,route_1,,
2025-02-16,20901,gw_5,10,1900,0,0,1,0,0,0,0,0,route_2,,
2025-02-17,20901,gw_3,5,1905,0,0,1,0,0,0,0,1,route_2,,
2025-02-18,20901,gw_1,7,1912,0,1,1,1,0,0,1,1,route_3,,
2025-02-19,20901,gw_3,11,1923,1,1,1,1,0,1,1,0,route_3,,
2025-02-20,20901,gw_1,6,1929,1,1,0,0,0,0,0,0,route_2,,
2025-02-21,20901,gw_1,7,1936,0,0,0,1,0,0,0,0,route_3,,
2025-02-22,20901,gw_3,12,1948,1,1,0,1,1,0,0,1,route_3,,
2025-02-23,20901,gw_5,5,1953,0,1,1,0,1,0,0,1,route_2,,
2025-02-24,20901,gw_2,10,1963,0,1,1,0,0,0,1,0,route_3,,
2025-02-25,20901,gw_2,9,1972,0,0,0,0,1,1,1,0,route_2,,
2025-02-26,20901,gw_3,15,1987,0,0,1,1,1,0,1,0,route_1,,
2025-02-27,20901,gw_3,12,1999,0,0,0,0,1,1,1,1,route_1,,
2025-02-28,20901,gw_3,5,2004,0,1,0,1,0,0,0,1,route_3,,
2025-03-01,20901,gw_3,9,2013,0,0,0,1,1,1,0,0,route_3,,
2025-03-02,20901,gw_1,0,2009,0,0,0,1,1,1,0,0,route_3,,
2025-03-03,20901,gw_4,11,2020,0,0,1,0,1,0,1,1,route_1,,
2025-03-04,20901,gw_1,5,2025,1,0,1,1,1,0,1,0,route_2,,
2025-03-05,20901,gw_5,8,2033,1,1,0,0,0,1,1,1,route_3,,
2025-03-06,20901,gw_3,8,2041,0,0,1,0,0,0,1,1,route_3,,
2025-03-07,20901,gw_3,8,2049,1,1,1,0,0,1,1,0,route_2,,
2025-03-08,20901,gw_1,8,2057,1,0,1,0,1,0,1,1,route_2,,
2025-03-09,20901,gw_3,7,2064,0,1,0,1,1,0,1,0,route_2,,
2025-03-10,20901,gw_2,6,2070,1,0,1,1,0,0,1,1,route_1,,
2025-03-11,20901,gw_2,14,2084,1,1,0,1,0,1,1,1,route_2,,
2025-03-12,20901,gw_1,10,2094,0,1,0,1,0,1,1,0,route_1,,
2025-03-13,20901,gw_5,5,2099,1,0,0,1,0,1,1,1,route_1,,
2025-03-14,20901,gw_1,8,2107,0,0,1,1,0,0,0,1,route_3,,
2025-03-15,20901,gw_1,11,2118,1,1,1,0,0,1,1,0,route_1,,
2025-03-16,20901,gw_2,15,2133,1,1,0,1,1,0,0,1,route_3,,
2025-03-17,20901,gw_3,12,2145,1,0,0,0,1,0,0,1,route_2,,
2025-03-18,20901,gw_1,5,2150,0,0,1,1,0,0,1,0,route_3,,
2025-03-19,20901,gw_5,12,2162,1,0,0,0,0,0,0,1,route_2,,
2025-03-20,20901,gw_4,15,2177,1,0,1,0,0,0,1,0,route_2,,
2025-03-21,20901,gw_5,9,2186,1,1,0,0,0,0,0,0,route_2,,
2025-03-22,20901,gw_3,0,2181,0,1,0,0,0,1,0,1,route_3,,
2025-03-23,20901,gw_5,7,2188,1,0,0,1,1,0,0,1,route_1,,
2025-03-24,20901,gw_3,13,2201,1,1,1,1,1,1,0,0,route_1,,
2025-03-25,20901,gw_5,15,2216,1,0,0,1,0,0,0,0,route_2,,
2025-03-26,20901,gw_1,12,2228,1,0,1,1,1,0,1,0,route_2,,
2025-03-27,20901,gw_4,8,2236,0,0,0,0,1,1,1,0,route_1,,
2025-03-28,20901,gw_3,9,2245,1,1,1,1,0,0,0,1,route_3,,
2025-03-29,20901,gw_2,13,2258,0,1,0,0,0,1,1,1,route_3,,
2025-03-30,20901,gw_2,13,2271,0,1,0,0,0,1,1,0,route_1,,
2025-03-31,20901,gw_2,14,2285,1,0,0,0,1,0,0,0,route_1,,
2025-04-01,20901,gw_2,9,2294,1,0,0,0,0,0,1,0,route_2,,
2025-04-02,20901,gw_2,11,2305,1,0,1,1,0,0,0,0,route_3,,
2025-04-03,20901,gw_1,13,2318,0,1,1,0,1,0,0,0,route_3,,
2025-04-04,20901,gw_4,13,2331,0,1,0,1,1,1,0,0,route_2,,
2025-04-05,20901,gw_2,13,2344,0,1,1,1,0,0,1,0,route_3,,
2025-04-06,20901,gw_4,5,2349,0,0,0,0,0,0,1,0,route_2,,
2025-04-07,20901,gw_4,15,2364,1,0,1,1,0,0,0,0,route_3,,
2025-04-08,20901,gw_5,11,2375,1,0,1,0,0,1,0,0,route_2,,
2025-04-09,20901,gw_3,6,2381,0,0,1,1,0,1,0,0,route_3,,
2025-04-10,20901,gw_3,12,2393,0,0,0,1,0,0,0,0,route_3,,
2025-01-01,70811,gw_4,10,1736,1,0,0,0,1,1,1,1,route_1,,
2025-01-02,70811,gw_2,11,1747,1,1,1,0,0,1,1,0,route_2,,
2025-01-03,70811,gw_3,5,1752,0,0,0,1,1,0,0,1,route_3,,
2025-01-04,70811,gw_2,14,1766,0,1,1,0,1,1,0,0,route_3,,
2025-01-05,70811,gw_5,12,1778,0,0,1,1,1,1,0,1,route_1,,
2025-01-06,70811,gw_5,9,1787,0,1,1,1,0,0,0,0,route_2,,
2025-01-07,70811,gw_1,14,1801,0,0,1,0,1,1,1,1,route_2,,
2025-01-08,70811,gw_5,9,1810,1,1,0,0,0,1,1,0,route_2,,
2025-01-09,70811,gw_1,13,1823,1,1,1,0,0,1,1,1,route_3,,
2025-01-10,70811,gw_3,6,1829,1,1,0,0,0,1,1,1,route_2,,
2025-01-11,70811,gw_2,11,1840,1,0,0,1,1,0,1,0,route_1,,
2025-01-12,70811,gw_5,9,1849,1,0,0,0,1,1,0,1,route_3,,
2025-01-13,70811,gw_5,13,1862,1,0,1,1,0,1,0,1,route_3,,
2025-01-14,70811,gw_4,14,1876,0,1,0,0,0,1,0,1,route_3,,
2025-01-15,70811,gw_1,8,1884,0,1,1,0,1,1,1,0,route_1,,
2025-01-16,70811,gw_4,0,1875,1,0,0,1,0,1,1,0,route_2,,
2025-01-17,70811,gw_4,5,1880,1,0,0,0,1,0,1,1,route_2,,
2025-01-18,70811,gw_4,7,1887,1,1,0,0,0,1,0,1,route_3,,
2025-01-19,70811,gw_4,7,1894,1,1,0,0,0,0,0,1,route_3,,
2025-01-20,70811,gw_4,12,1906,1,1,1,0,0,0,1,1,route_1,,
2025-01-21,70811,gw_1,9,1915,1,1,0,1,1,1,1,0,route_1,,
2025-01-22,70811,gw_3,0,1911,0,1,1,0,1,0,1,0,route_1,,
2025-01-23,70811,gw_3,14,1925,1,0,1,1,1,0,0,1,route_1,,
2025-01-24,70811,gw_5,9,1934,1,0,0,0,1,0,1,0,route_3,,
2025-01-25,70811,gw_1,12,1946,1,1,0,0,1,0,1,0,route_1,,
2025-01-26,70811,gw_5,13,1959,1,1,1,0,1,1,0,1,route_3,,
2025-01-27,70811,gw_2,9,1968,0,1,1,0,0,1,0,1,route_3,,
2025-01-28,70811,gw_1,8,1976,0,0,1,1,0,0,0,1,route_3,,
2025-01-29,70811,gw_2,8,1984,0,0,1,0,1,0,1,0,route_1,,
2025-01-30,70811,gw_4,5,1989,0,0,1,0,1,0,0,0,route_1,,
2025-01-31,70811,gw_4,13,2002,0,1,1,0,1,1,0,1,route_3,,
2025-02-01,70811,gw_5,10,2012,1,1,0,1,0,0,0,0,route_1,,
2025-02-02,70811,gw_2,11,2023,0,0,1,1,1,1,0,1,route_1,,
2025-02-03,70811,gw_1,9,2032,0,0,1,0,0,1,1,1,route_2,,
2025-02-04,70811,gw_5,0,2030,1,0,1,1,0,0,1,1,route_3,,
2025-02-05,70811,gw_5,12,2042,1,0,1,1,1,1,0,0,route_3,,
2025-02-06,70811,gw_5,9,2051,1,0,1,0,0,0,1,0,route_1,,
2025-02-07,70811,gw_4,9,2060,1,0,0,1,0,0,0,0,route_3,,
2025-02-08,70811,gw_5,11,2071,0,1,1,1,0,1,0,0,route_1,,
2025-02-09,70811,gw_3,11,2082,0,0,0,0,1,1,0,0,route_2,,
2025-02-10,70811,gw_1,11,2093,0,0,0,1,1,1,1,1,route_2,,
2025-02-11,70811,gw_3,14,2107,0,1,0,1,0,1,1,0,route_1,,
2025-02-12,70811,gw_3,15,2122,0,0,1,1,0,0,0,0,route_2,,
2025-02-13,70811,gw_3,8,2130,1,0,0,0,0,0,0,1,route_3,,
2025-02-14,70811,gw_2,6,2136,1,1,1,1,0,0,1,0,route_3,,
2025-02-15,70811,gw_2,15,2151,0,1,1,0,1,1,1,1,route_1,,
2025-02-16,70811,gw_1,6,2157,0,0,0,1,1,0,0,0,route_3,,
2025-02-17,70811,gw_3,11,2168,0,0,0,1,0,0,1,1,route_3,,
2025-02-18,70811,gw_3,0,2165,1,1,0,1,0,1,1,1,route_1,,
2025-02-19,70811,gw_1,13,2178,1,0,1,1,1,1,1,0,route_1,,
2025-02-20,70811,gw_3,13,2191,0,0,0,1,1,0,0,0,route_3,,
2025-02-21,70811,gw_3,15,2206,1,0,1,1,1,0,1,1,route_2,,
2025-02-22,70811,gw_1,9,2215,0,0,0,1,0,1,0,1,route_1,,
2025-02-23,70811,gw_1,6,2221,0,1,0,1,1,1,1,1,route_3,,
2025-02-24,70811,gw_5,9,2230,1,1,1,0,1,0,1,1,route_2,,
2025-02-25,70811,gw_3,5,2235,1,1,0,0,1,1,0,1,route_2,,
2025-02-26,70811,gw_2,11,2246,0,0,0,1,1,1,1,0,route_1,,
2025-02-27,70811,gw_5,14,2260,0,1,1,0,0,1,1,0,route_1,,
2025-02-28,70811,gw_1,9,2269,1,1,0,1,0,1,0,0,route_1,,
2025-03-01,70811,gw_3,0,2264,1,0,1,0,0,0,1,1,route_2,,
2025-03-02,70811,gw_1,7,2271,1,1,0,0,0,0,0,1,route_1,,
2025-03-03,70811,gw_5,12,2283,0,1,1,1,0,0,0,1,route_1,,
2025-03-04,70811,gw_5,8,2291,1,0,0,1,1,1,1,1,route_1,,
2025-03-05,70811,gw_3,12,2303,1,1,1,1,1,1,1,0,route_1,,
2025-03-06,70811,gw_4,12,2315,1,0,1,0,0,1,0,1,route_3,,
2025-03-07,70811,gw_5,0,2313,0,1,1,1,1,0,0,1,route_3,,
2025-03-08,70811,gw_3,12,2325,0,0,0,0,1,0,0,1,route_3,,
2025-03-09,70811,gw_2,13,2338,0,0,0,0,1,1,0,1,route_3,,
2025-03-10,70811,gw_4,14,2352,0,1,0,0,1,0,1,0,route_2,,
2025-03-11,70811,gw_3,11,2363,1,1,0,0,1,0,1,0,route_2,,
2025-03-12,70811,gw_4,7,2370,1,1,1,1,0,1,0,0,route_3,,
2025-03-13,70811,gw_5,10,2380,0,0,0,1,1,1,1,0,route_3,,
2025-03-14,70811,gw_3,14,2394,1,0,1,1,1,0,1,1,route_2,,
2025-03-15,70811,gw_2,13,2407,1,1,0,1,0,0,1,0,route_1,,
2025-03-16,70811,gw_5,14,2421,1,0,0,1,0,0,1,1,route_2,,
2025-03-17,70811,gw_4,6,2427,0,0,1,0,1,1,1,1,route_3,,
2025-03-18,70811,gw_3,9,2436,0,1,0,0,1,0,0,1,route_2,,
2025-03-19,70811,gw_3,15,2451,0,1,1,1,0,0,1,0,route_1,,
2025-03-20,70811,gw_2,5,2456,1,1,0,1,0,0,0,1,route_2,,
2025-03-21,70811,gw_2,10,2466,0,1,1,0,1,0,1,1,route_2,,
2025-03-22,70811,gw_2,6,2472,0,1,0,0,0,1,0,0,route_1,,
2025-03-23,70811,gw_2,7,2479,1,1,1,1,1,1,0,0,route_2,,
2025-03-24,70811,gw_3,7,2486,0,1,0,0,0,0,0,0,route_3,,
2025-03-25,70811,gw_2,7,2493,1,0,0,1,0,0,0,0,route_1,,
2025-03-26,70811,gw_3,0,2483,0,1,0,1,0,1,1,1,route_3,,
2025-03-27,70811,gw_4,15,2498,1,1,0,1,1,1,0,0,route_2,,
2025-03-28,70811,gw_2,5,2503,1,1,1,0,0,1,1,1,route_3,,
2025-03-29,70811,gw_3,7,2510,1,0,1,0,0,0,1,1,route_1,,
2025-03-30,70811,gw_4,12,2522,1,1,1,0,0,0,1,0,route_2,,
2025-03-31,70811,gw_5,5,2527,1,0,1,0,1,1,0,0,route_1,,
2025-04-01,70811,gw_5,6,2533,0,0,1,0,0,0,1,0,route_1,,
2025-04-02,70811,gw_5,5,2538,1,1,0,1,1,0,0,0,route_2,,
2025-04-03,70811,gw_1,7,2545,0,1,0,0,1,0,1,0,route_3,,
2025-04-04,70811,gw_5,12,2557,0,1,1,0,0,1,0,0,route_3,,
2025-04-05,70811,gw_5,15,2572,0,0,1,0,1,1,1,1,route_2,,
2025-04-06,70811,gw_3,8,2580,0,1,1,1,0,1,0,1,route_2,,
2025-04-07,70811,gw_1,9,2589,0,1,0,1,0,1,1,0,route_2,,
2025-04-08,70811,gw_3,11,2600,1,1,0,0,0,1,1,1,route_3,,
2025-04-09,70811,gw_4,5,2605,1,0,1,1,0,1,1,0,route_2,,
2025-04-10,70811,gw_4,15,2620,1,0,0,0,1,0,0,0,route_1,,
2025-01-01,58262,gw_1,6,1437,1,1,1,1,0,1,1,0,route_3,,
2025-01-02,58262,gw_4,10,1447,0,0,0,1,1,0,1,1,route_2,,
2025-01-03,58262,gw_4,15,1462,1,0,1,0,0,1,0,0,route_3,,
2025-01-04,58262,gw_2,0,1452,1,0,1,1,0,0,1,0,route_2,,
2025-01-05,58262,gw_2,6,1458,0,0,1,0,0,0,0,1,route_3,,
2025-01-06,58262,gw_5,10,1468,0,1,0,1,0,1,1,1,route_2,,
2025-01-07,58262,gw_3,9,1477,0,0,1,1,1,1,0,0,route_1,,
2025-01-08,58262,gw_1,5,1482,1,1,0,0,1,0,0,0,route_2,,
2025-01-09,58262,gw_5,5,1487,1,1,0,0,0,0,0,0,route_1,,
2025-01-10,58262,gw_3,12,1499,0,0,0,1,1,1,1,0,route_3,,
2025-01-11,58262,gw_5,12,1511,1,1,0,1,0,0,0,1,route_3,,
2025-01-12,58262,gw_1,7,1518,1,1,0,1,1,1,1,1,route_2,,
2025-01-13,58262,gw_3,11,1529,0,1,1,1,1,1,1,1,route_3,,
2025-01-14,58262,gw_2,15,1544,1,0,1,1,1,0,1,0,route_1,,
2025-01-15,58262,gw_3,15,1559,1,1,0,1,1,1,0,0,route_2,,
2025-01-16,58262,gw_1,0,1558,1,0,1,0,0,0,0,0,route_1,,
2025-01-17,58262,gw_1,11,1569,0,0,0,0,0,1,1,0,route_2,,
2025-01-18,58262,gw_4,8,1577,1,0,1,0,1,0,0,0,route_2,,
2025-01-19,58262,gw_2,13,1590,0,1,1,0,1,0,0,0,route_1,,
2025-01-20,58262,gw_2,14,1604,1,0,1,0,1,0,1,1,route_1,,
2025-01-21,58262,gw_4,5,1609,1,0,0,1,0,0,0,0,route_2,,
2025-01-22,58262,gw_4,5,1614,1,1,1,1,0,1,1,0,route_3,,
2025-01-23,58262,gw_2,12,1626,0,1,0,1,0,1,0,0,route_1,,
2025-01-24,58262,gw_3,5,1631,1,0,0,0,1,1,0,0,route_1,,
2025-01-25,58262,gw_5,6,1637,1,1,1,1,0,0,0,1,route_2,,
2025-01-26,58262,gw_4,6,1643,0,1,0,1,0,0,0,1,route_2,,
2025-01-27,58262,gw_4,10,1653,1,0,0,1,1,1,1,0,route_3,,
2025-01-28,58262,gw_4,15,1668,1,0,1,0,1,1,1,0,route_2,,
2025-01-29,58262,gw_5,12,1680,0,0,0,1,1,1,0,1,route_2,,
2025-01-30,58262,gw_5,11,1691,0,1,0,0,1,1,0,0,route_3,,
2025-01-31,58262,gw_2,10,1701,0,0,1,1,1,1,1,0,route_2,,
2025-02-01,58262,gw_4,10,1711,0,0,1,0,0,1,1,0,route_2,,
2025-02-02,58262,gw_3,6,1717,1,0,1,0,1,1,0,0,route_1,,
2025-02-03,58262,gw_4,11,1728,0,0,0,1,1,0,1,0,route_1,,
2025-02-04,58262,gw_1,15,1743,1,0,1,0,0,0,1,1,route_2,,
2025-02-05,58262,gw_5,13,1756,1,1,0,0,0,0,1,0,route_3,,
2025-02-06,58262,gw_5,9,1765,1,0,0,0,1,0,0,0,route_3,,
2025-02-07,58262,gw_5,5,1770,1,0,0,0,1,0,0,0,route_1,,
2025-02-08,58262,gw_3,7,1777,0,1,0,0,1,0,0,1,route_1,,
2025-02-09,58262,gw_4,13,1790,0,1,1,1,1,0,1,1,route_2,,
2025-02-10,58262,gw_4,14,1804,0,1,1,1,1,0,1,1,route_3,,
2025-02-11,58262,gw_4,12,1816,1,0,0,1,0,1,0,0,route_3,,
2025-02-12,58262,gw_4,7,1823,0,1,1,0,0,1,1,1,route_2,,
2025-02-13,58262,gw_2,14,1837,1,1,0,0,0,0,0,1,route_1,,
2025-02-14,58262,gw_1,11,1848,1,1,0,1,1,0,1,1,route_1,,
2025-02-15,58262,gw_5,15,1863,0,1,1,0,1,1,0,1,route_2,,
2025-02-16,58262,gw_2,7,1870,0,1,0,0,1,1,1,0,route_2,,
2025-02-17,58262,gw_2,11,1881,0,0,1,0,1,1,0,1,route_3,,
2025-02-18,58262,gw_5,11,1892,1,0,0,1,1,0,0,1,route_3,,
2025-02-19,58262,gw_5,15,1907,1,0,1,0,0,0,0,0,route_3,,
2025-02-20,58262,gw_5,9,1916,1,0,0,1,0,0,0,0,route_1,,
2025-02-21,58262,gw_2,10,1926,1,1,1,1,0,0,0,1,route_2,,
2025-02-22,58262,gw_4,15,1941,1,0,1,0,1,1,0,0,route_1,,
2025-02-23,58262,gw_1,12,1953,0,0,1,1,1,1,1,1,route_3,,
2025-02-24,58262,gw_2,8,1961,1,1,0,0,0,1,1,1,route_2,,
2025-02-25,58262,gw_4,7,1968,1,1,0,0,1,0,1,1,route_2,,
2025-02-26,58262,gw_2,9,1977,0,0,1,1,1,0,1,1,route_3,,
2025-02-27,58262,gw_4,12,1989,0,1,0,1,1,1,0,0,route_3,,
2025-02-28,58262,gw_4,8,1997,0,0,1,1,1,1,1,1,route_3,,
2025-03-01,58262,gw_5,6,2003,1,1,0,1,1,0,1,1,route_2,,
2025-03-02,58262,gw_1,15,2018,0,0,0,0,0,1,1,1,route_1,,
2025-03-03,58262,gw_2,5,2023,1,0,1,0,0,1,0,1,route_2,,
2025-03-04,58262,gw_5,6,2029,1,0,1,0,1,1,0,0,route_3,,
2025-03-05,58262,gw_2,5,2034,0,0,1,0,0,1,0,1,route_2,,
2025-03-06,58262,gw_1,5,2039,0,0,0,1,0,1,0,0,route_3,,
2025-03-07,58262,gw_3,12,2051,1,1,1,0,0,1,1,1,route_2,,
2025-03-08,58262,gw_2,12,2063,0,1,0,1,1,0,1,0,route_3,,
2025-03-09,58262,gw_5,13,2076,0,1,0,0,0,0,0,0,route_1,,
2025-03-10,58262,gw_2,5,2081,1,1,1,0,0,0,1,0,route_2,,
2025-03-11,58262,gw_5,13,2094,1,0,0,0,0,1,0,1,route_2,,
2025-03-12,58262,gw_4,9,2103,1,0,0,1,0,1,1,1,route_3,,
2025-03-13,58262,gw_2,15,2118,1,0,0,1,0,0,1,0,route_2,,
2025-03-14,58262,gw_5,7,2125,0,0,1,1,0,0,1,0,route_3,,
2025-03-15,58262,gw_5,13,2138,0,1,0,0,0,0,1,1,route_3,,
2025-03-16,58262,gw_1,10,2148,0,0,1,0,1,0,0,0,route_2,,
2025-03-17,58262,gw_4,9,2157,1,0,0,1,1,0,0,0,route_3,,
2025-03-18,58262,gw_1,5,2162,1,0,1,1,0,0,0,0,route_3,,
2025-03-19,58262,gw_2,5,2167,0,1,1,0,0,0,1,1,route_2,,
2025-03-20,58262,gw_2,11,2178,1,0,1,0,1,0,0,0,route_3,,
2025-03-21,58262,gw_4,7,2185,0,0,0,1,0,0,0,1,route_3,,
2025-03-22,58262,gw_3,15,2200,0,1,1,0,0,1,0,0,route_3,,
2025-03-23,58262,gw_3,15,2215,1,0,1,1,1,1,0,1,route_1,,
2025-03-24,58262,gw_2,8,2223,0,1,1,0,0,1,1,0,route_2,,
2025-03-25,58262,gw_5,13,2236,1,1,1,1,1,0,1,1,route_3,,
2025-03-26,58262,gw_5,14,2250,1,1,0,0,0,1,0,0,route_3,,
2025-03-27,58262,gw_1,13,2263,1,0,0,0,1,1,1,0,route_2,,
2025-03-28,58262,gw_5,9,2272,1,1,1,0,0,0,1,0,route_1,,
2025-03-29,58262,gw_5,6,2278,0,0,0,1,0,1,1,0,route_3,,
2025-03-30,58262,gw_4,14,2292,1,0,1,1,0,0,1,0,route_1,,
2025-03-31,58262,gw_2,6,2298,0,1,1,1,0,0,1,0,route_1,,
2025-04-01,58262,gw_2,14,2312,0,1,1,0,1,0,1,0,route_3,,
2025-04-02,58262,gw_5,15,2327,1,1,0,0,0,0,1,0,route_2,,
2025-04-03,58262,gw_1,0,2321,0,1,0,0,0,1,1,1,route_3,,
2025-04-04,58262,gw_3,15,2336,1,0,0,1,1,0,0,1,route_2,,
2025-04-05,58262,gw_3,7,2343,0,1,0,0,1,1,1,1,route_1,,
2025-04-06,58262,gw_5,6,2349,0,1,0,1,1,1,1,1,route_2,,
2025-04-07,58262,gw_3,8,2357,1,0,1,0,1,0,1,1,route_3,,
2025-04-08,58262,gw_4,7,2364,1,1,1,0,1,1,1,1,route_1,,
2025-04-09,58262,gw_1,9,2373,0,1,0,1,0,1,1,0,route_1,,
2025-04-10,58262,gw_4,8,2381,1,0,0,1,0,1,1,0,route_3,,
2025-01-01,42465,gw_2,6,1655,1,0,1,0,0,1,0,1,route_3,,
2025-01-02,42465,gw_5,9,1664,0,0,0,0,1,1,1,0,route_2,,
2025-01-03,42465,gw_5,13,1677,1,1,1,1,1,1,0,1,route_1,,
2025-01-04,42465,gw_3,12,1689,1,1,1,0,1,1,0,1,route_3,,
2025-01-05,42465,gw_2,14,1703,0,0,1,1,0,0,0,0,route_1,,
2025-01-06,42465,gw_5,10,1713,0,0,0,0,0,1,1,0,route_2,,
2025-01-07,42465,gw_2,10,1723,0,1,1,1,0,0,0,0,route_1,,
2025-01-08,42465,gw_4,15,1738,1,1,1,1,1,1,0,1,route_1,,
2025-01-09,42465,gw_3,15,1753,0,1,1,1,1,1,1,0,route_3,,
2025-01-10,42465,gw_4,12,1765,1,1,1,1,0,0,1,1,route_2,,
2025-01-11,42465,gw_1,9,1774,0,0,1,1,1,1,1,1,route_3,,
2025-01-12,42465,gw_5,14,1788,0,1,0,1,1,0,0,1,route_2,,
2025-01-13,42465,gw_1,9,1797,1,0,1,0,0,1,1,1,route_2,,
2025-01-14,42465,gw_2,5,1802,0,0,1,0,0,1,0,1,route_1,,
2025-01-15,42465,gw_1,9,1811,0,1,1,0,0,1,1,0,route_2,,
2025-01-16,42465,gw_4,6,1817,0,0,0,1,0,1,1,1,route_2,,
2025-01-17,42465,gw_4,9,1826,1,0,1,0,1,1,1,1,route_3,,
2025-01-18,42465,gw_5,7,1833,0,1,1,0,1,0,1,0,route_3,,
2025-01-19,42465,gw_4,14,1847,1,0,1,1,0,1,0,1,route_2,,
2025-01-20,42465,gw_2,12,1859,1,0,1,0,0,1,0,0,route_1,,
2025-01-21,42465,gw_1,13,1872,1,1,1,0,0,0,1,1,route_3,,
2025-01-22,42465,gw_5,7,1879,0,0,1,1,0,1,1,1,route_1,,
2025-01-23,42465,gw_4,9,1888,1,1,0,1,1,0,0,0,route_3,,
2025-01-24,42465,gw_5,9,1897,0,1,1,1,1,0,0,0,route_2,,
2025-01-25,42465,gw_4,12,1909,0,1,1,1,1,0,1,1,route_1,,
2025-01-26,42465,gw_3,6,1915,0,1,0,1,0,1,1,1,route_1,,
2025-01-27,42465,gw_5,11,1926,0,0,1,0,1,0,1,1,route_3,,
2025-01-28,42465,gw_3,15,1941,0,1,1,1,1,0,0,1,route_3,,
2025-01-29,42465,gw_4,12,1953,0,0,1,0,0,0,1,0,route_3,,
2025-01-30,42465,gw_5,5,1958,0,1,1,1,0,1,0,0,route_3,,
2025-01-31,42465,gw_1,6,1964,1,1,1,0,0,1,0,1,route_1,,
2025-02-01,42465,gw_5,14,1978,1,0,0,1,0,1,0,1,route_3,,
2025-02-02,42465,gw_2,12,1990,1,1,0,1,1,0,1,0,route_3,,
2025-02-03,42465,gw_4,14,2004,1,0,0,0,1,0,0,1,route_2,,
2025-02-04,42465,gw_3,11,2015,0,0,1,1,0,0,0,0,route_2,,
2025-02-05,42465,gw_3,13,2028,1,1,1,0,0,0,1,0,route_3,,
2025-02-06,42465,gw_4,13,2041,1,1,0,0,0,0,1,1,route_3,,
2025-02-07,42465,gw_1,15,2056,1,0,0,1,1,1,0,0,route_3,,
2025-02-08,42465,gw_4,13,2069,1,0,1,0,1,0,0,1,route_2,,
2025-02-09,42465,gw_5,10,2079,0,1,0,0,1,0,0,0,route_2,,
2025-02-10,42465,gw_2,7,2086,1,1,1,1,1,1,0,1,route_3,,
2025-02-11,42465,gw_3,12,2098,1,1,0,0,0,0,0,0,route_3,,
2025-02-12,42465,gw_2,14,2112,0,1,1,1,1,0,0,1,route_2,,
2025-02-13,42465,gw_4,12,2124,0,0,0,0,1,0,1,0,route_3,,
2025-02-14,42465,gw_1,11,2135,0,0,1,1,1,0,0,0,route_1,,
2025-02-15,42465,gw_2,13,2148,1,1,0,0,1,0,1,1,route_2,,
2025-02-16,42465,gw_1,15,2163,1,0,0,1,0,0,1,1,route_3,,
2025-02-17,42465,gw_4,5,2168,1,1,0,1,1,1,0,0,route_2,,
2025-02-18,42465,gw_4,0,2166,1,0,0,0,1,0,1,0,route_2,,
2025-02-19,42465,gw_3,10,2176,0,0,1,1,1,1,1,0,route_1,,
2025-02-20,42465,gw_1,6,2182,1,1,1,1,0,0,0,1,route_2,,
2025-02-21,42465,gw_5,13,2195,0,0,0,1,1,1,1,1,route_1,,
2025-02-22,42465,gw_2,15,2210,0,1,0,1,0,1,1,0,route_2,,
2025-02-23,42465,gw_4,12,2222,0,0,1,0,1,1,1,0,route_2,,
2025-02-24,42465,gw_3,8,2230,1,0,0,1,1,1,1,0,route_1,,
2025-02-25,42465,gw_4,5,2235,1,0,0,0,1,1,0,0,route_1,,
2025-02-26,42465,gw_1,9,2244,1,1,1,0,0,0,1,0,route_1,,
2025-02-27,42465,gw_2,13,2257,1,1,1,0,0,0,1,1,route_2,,
2025-02-28,42465,gw_1,14,2271,1,1,1,1,1,0,1,0,route_3,,
2025-03-01,42465,gw_5,8,2279,0,0,0,1,0,0,0,0,route_3,,
2025-03-02,42465,gw_2,13,2292,0,1,0,0,1,0,1,1,route_2,,
2025-03-03,42465,gw_5,7,2299,1,1,1,1,1,0,1,0,route_3,,
2025-03-04,42465,gw_5,6,2305,0,0,0,0,1,1,1,0,route_2,,
2025-03-05,42465,gw_2,7,2312,1,1,0,1,1,1,1,1,route_2,,
2025-03-06,42465,gw_3,7,2319,1,0,1,1,1,0,0,0,route_2,,
2025-03-07,42465,gw_1,14,2333,1,0,0,0,0,1,0,1,route_3,,
2025-03-08,42465,gw_5,11,2344,0,0,0,0,0,1,1,0,route_1,,
2025-03-09,42465,gw_2,5,2349,0,0,0,0,0,1,1,0,route_1,,
2025-03-10,42465,gw_4,7,2356,1,0,0,0,0,1,0,1,route_1,,
2025-03-11,42465,gw_5,8,2364,1,0,0,1,0,0,0,0,route_1,,
2025-03-12,42465,gw_1,6,2370,0,1,1,0,0,0,0,1,route_1,,
2025-03-13,42465,gw_5,0,2363,0,0,0,0,0,0,0,1,route_2,,
2025-03-14,42465,gw_4,0,2361,0,0,0,0,0,0,1,0,route_3,,
2025-03-15,42465,gw_2,9,2370,1,0,1,0,1,1,0,0,route_1,,
2025-03-16,42465,gw_3,6,2376,0,0,1,0,0,0,0,0,route_2,,
2025-03-17,42465,gw_5,12,2388,0,1,0,0,0,1,0,0,route_2,,
2025-03-18,42465,gw_2,10,2398,1,1,1,1,1,0,0,1,route_2,,
2025-03-19,42465,gw_2,14,2412,1,1,1,0,0,0,0,0,route_3,,
2025-03-20,42465,gw_3,9,2421,1,1,0,1,0,1,0,0,route_1,,
2025-03-21,42465,gw_3,7,2428,1,1,0,0,1,0,1,1,route_2,,
2025-03-22,42465,gw_5,5,2433,1,0,1,1,1,1,1,0,route_2,,
2025-03-23,42465,gw_5,15,2448,0,1,0,0,1,1,1,0,route_2,,
2025-03-24,42465,gw_5,13,2461,0,0,0,0,0,1,1,0,route_2,,
2025-03-25,42465,gw_5,12,2473,1,1,1,1,0,1,0,1,route_2,,
2025-03-26,42465,gw_4,9,2482,1,1,0,0,0,0,0,1,route_2,,
2025-03-27,42465,gw_5,6,2488,0,0,0,0,1,0,0,0,route_1,,
2025-03-28,42465,gw_5,9,2497,1,0,1,0,0,1,0,0,route_2,,
2025-03-29,42465,gw_2,5,2502,1,1,0,0,1,1,0,1,route_1,,
2025-03-30,42465,gw_5,13,2515,0,0,1,0,0,1,0,1,route_3,,
2025-03-31,42465,gw_2,15,2530,1,0,0,1,0,0,0,0,route_3,,
2025-04-01,42465,gw_1,5,2535,0,0,1,1,1,0,1,0,route_2,,
2025-04-02,42465,gw_4,7,2542,0,0,0,0,1,1,0,1,route_2,,
2025-04-03,42465,gw_5,12,2554,1,0,1,0,0,1,1,1,route_3,,
2025-04-04,42465,gw_2,15,2569,1,1,0,0,1,0,0,0,route_1,,
2025-04-05,42465,gw_3,11,2580,0,1,0,1,1,1,0,0,route_2,,
2025-04-06,42465,gw_4,9,2589,1,0,1,0,1,0,0,1,route_3,,
2025-04-07,42465,gw_5,15,2604,0,0,1,1,1,0,0,1,route_1,,
2025-04-08,42465,gw_3,10,2614,1,0,0,0,1,0,1,1,route_3,,
2025-04-09,42465,gw_3,8,2622,0,1,1,1,0,0,0,1,route_1,,
2025-04-10,42465,gw_4,12,2634,0,1,0,0,0,0,0,0,route_2,,
2025-01-01,58948,gw_3,5,2003,1,1,0,1,0,1,0,1,route_3,,
2025-01-02,58948,gw_2,15,2018,0,1,0,0,1,0,0,1,route_2,,
2025-01-03,58948,gw_3,6,2024,1,1,1,0,1,1,1,1,route_1,,
2025-01-04,58948,gw_1,5,2029,1,0,1,1,1,0,1,0,route_1,,
2025-01-05,58948,gw_3,8,2037,0,0,1,1,1,0,0,0,route_1,,
2025-01-06,58948,gw_2,14,2051,1,0,0,1,1,0,0,1,route_1,,
2025-01-07,58948,gw_4,14,2065,0,0,1,1,0,0,0,0,route_1,,
2025-01-08,58948,gw_5,9,2074,1,1,0,1,1,0,0,0,route_3,,
2025-01-09,58948,gw_4,12,2086,0,1,1,0,1,0,0,0,route_3,,
2025-01-10,58948,gw_3,8,2094,1,1,0,0,0,0,1,1,route_1,,
2025-01-11,58948,gw_5,15,2109,1,1,0,1,0,1,0,0,route_2,,
2025-01-12,58948,gw_3,13,2122,0,1,1,1,0,1,0,0,route_2,,
2025-01-13,58948,gw_5,9,2131,0,0,0,1,1,1,0,0,route_2,,
2025-01-14,58948,gw_3,9,2140,0,0,1,0,1,0,0,0,route_3,,
2025-01-15,58948,gw_2,9,2149,1,0,0,0,0,1,0,1,route_3,,
2025-01-16,58948,gw_2,15,2164,0,1,0,1,0,0,1,1,route_1,,
2025-01-17,58948,gw_2,5,2169,1,1,1,1,1,1,1,0,route_3,,
2025-01-18,58948,gw_2,7,2176,1,0,0,1,0,0,1,0,route_1,,
2025-01-19,58948,gw_5,8,2184,1,0,0,0,1,1,0,1,route_1,,
2025-01-20,58948,gw_4,11,2195,0,1,0,0,0,0,1,1,route_2,,
2025-01-21,58948,gw_5,12,2207,0,0,0,0,0,1,0,0,route_1,,
2025-01-22,58948,gw_3,9,2216,1,1,0,1,1,0,1,1,route_3,,
2025-01-23,58948,gw_3,5,2221,0,1,0,0,0,0,0,1,route_3,,
2025-01-24,58948,gw_5,9,2230,1,0,0,0,1,0,1,0,route_2,,
2025-01-25,58948,gw_2,5,2235,1,0,0,1,0,0,1,1,route_3,,
2025-01-26,58948,gw_1,11,2246,1,1,0,0,1,1,1,1,route_3,,
2025-01-27,58948,gw_5,10,2256,0,1,1,1,1,1,1,1,route_2,,
2025-01-28,58948,gw_5,5,2261,1,1,0,1,1,0,0,1,route_2,,
2025-01-29,58948,gw_4,11,2272,1,0,1,1,1,0,0,1,route_3,,
2025-01-30,58948,gw_3,15,2287,0,0,1,1,1,0,1,1,route_2,,
2025-01-31,58948,gw_1,8,2295,1,0,1,1,0,0,0,1,route_3,,
2025-02-01,58948,gw_2,5,2300,1,1,0,1,0,1,1,0,route_3,,
2025-02-02,58948,gw_3,8,2308,0,1,0,1,1,1,1,0,route_2,,
2025-02-03,58948,gw_2,0,2305,1,1,0,1,1,0,1,0,route_2,,
2025-02-04,58948,gw_2,6,2311,0,0,1,1,1,0,0,1,route_1,,
2025-02-05,58948,gw_2,14,2325,0,0,1,0,0,0,1,1,route_1,,
2025-02-06,58948,gw_3,13,2338,0,0,1,1,1,1,0,0,route_1,,
2025-02-07,58948,gw_3,6,2344,1,0,1,1,1,0,0,0,route_2,,
2025-02-08,58948,gw_2,7,2351,1,1,0,0,0,0,0,0,route_1,,
2025-02-09,58948,gw_1,6,2357,1,0,1,0,0,0,0,1,route_2,,
2025-02-10,58948,gw_1,14,2371,0,1,1,0,0,0,1,0,route_1,,
2025-02-11,58948,gw_3,11,2382,0,0,1,0,0,0,0,0,route_3,,
2025-02-12,58948,gw_3,12,2394,1,0,0,0,0,1,1,0,route_1,,
2025-02-13,58948,gw_1,8,2402,0,1,1,0,0,1,1,1,route_3,,
2025-02-14,58948,gw_5,10,2412,0,0,0,1,0,0,1,1,route_2,,
2025-02-15,58948,gw_3,13,2425,1,1,0,1,1,1,0,1,route_2,,
2025-02-16,58948,gw_2,7,2432,0,1,0,1,0,0,1,0,route_1,,
2025-02-17,58948,gw_3,12,2444,0,0,0,0,0,0,0,1,route_1,,
2025-02-18,58948,gw_2,15,2459,1,0,1,0,0,0,1,1,route_3,,
2025-02-19,58948,gw_1,15,2474,1,0,0,1,0,1,1,1,route_3,,
2025-02-20,58948,gw_2,5,2479,0,1,0,0,0,0,1,0,route_3,,
2025-02-21,58948,gw_1,7,2486,0,0,1,0,1,0,0,1,route_1,,
2025-02-22,58948,gw_1,7,2493,0,1,0,0,1,1,1,1,route_2,,
2025-02-23,58948,gw_4,12,2505,0,1,1,0,1,1,0,0,route_3,,
2025-02-24,58948,gw_2,7,2512,0,1,0,0,1,1,0,0,route_3,,
2025-02-25,58948,gw_5,15,2527,0,0,0,1,1,1,0,1,route_1,,
2025-02-26,58948,gw_4,7,2534,1,1,0,1,1,0,0,1,route_3,,
2025-02-27,58948,gw_5,7,2541,1,1,1,0,1,1,0,0,route_1,,
2025-02-28,58948,gw_4,8,2549,0,1,0,0,0,1,0,1,route_2,,
2025-03-01,58948,gw_4,12,2561,0,0,1,0,1,1,1,0,route_2,,
2025-03-02,58948,gw_2,6,2567,1,1,1,1,0,1,0,0,route_2,,
2025-03-03,58948,gw_4,14,2581,1,0,1,1,1,0,0,0,route_2,,
2025-03-04,58948,gw_1,8,2589,1,1,1,0,1,0,1,1,route_2,,
2025-03-05,58948,gw_2,7,2596,0,0,1,1,1,0,0,0,route_1,,
2025-03-06,58948,gw_2,15,2611,1,0,1,1,0,0,0,0,route_1,,
2025-03-07,58948,gw_3,8,2619,0,0,0,1,0,0,0,0,route_1,,
2025-03-08,58948,gw_3,9,2628,0,1,0,1,1,0,1,1,route_1,,
2025-03-09,58948,gw_2,14,2642,1,1,0,0,1,0,1,0,route_2,,
2025-03-10,58948,gw_3,6,2648,1,0,0,1,1,1,1,1,route_2,,
2025-03-11,58948,gw_5,8,2656,0,1,1,0,0,0,0,0,route_3,,
2025-03-12,58948,gw_2,6,2662,1,1,0,1,0,1,1,0,route_3,,
2025-03-13,58948,gw_3,14,2676,1,0,1,0,0,1,1,0,route_2,,
2025-03-14,58948,gw_3,7,2683,0,0,0,1,1,1,0,0,route_1,,
2025-03-15,58948,gw_3,11,2694,1,1,1,1,1,0,0,1,route_2,,
2025-03-16,58948,gw_5,10,2704,1,1,0,0,0,1,0,1,route_3,,
2025-03-17,58948,gw_4,6,2710,1,1,0,1,0,1,1,0,route_3,,
2025-03-18,58948,gw_1,13,2723,1,1,0,1,1,1,0,1,route_1,,
2025-03-19,58948,gw_5,12,2735,0,0,1,1,0,1,0,1,route_3,,
2025-03-20,58948,gw_1,11,2746,1,0,1,0,1,1,0,0,route_3,,
2025-03-21,58948,gw_2,5,2751,1,1,0,1,0,0,0,0,route_2,,
2025-03-22,58948,gw_2,6,2757,1,1,1,1,0,0,1,0,route_2,,
2025-03-23,58948,gw_4,12,2769,1,1,1,1,1,1,1,1,route_1,,
2025-03-24,58948,gw_3,6,2775,0,0,0,1,1,1,0,0,route_3,,
2025-03-25,58948,gw_1,9,2784,0,1,0,0,1,0,1,0,route_3,,
2025-03-26,58948,gw_2,8,2792,0,0,1,0,0,0,1,1,route_3,,
2025-03-27,58948,gw_3,11,2803,1,1,1,1,1,1,0,0,route_2,,
2025-03-28,58948,gw_2,13,2816,0,0,0,0,1,1,0,0,route_2,,
2025-03-29,58948,gw_3,7,2823,1,1,1,0,0,0,0,1,route_1,,
2025-03-30,58948,gw_1,13,2836,1,1,0,1,1,0,1,0,route_2,,
2025-03-31,58948,gw_2,9,2845,0,0,0,0,1,0,1,0,route_2,,
2025-04-01,58948,gw_3,7,2852,0,1,1,1,1,0,0,1,route_1,,
2025-04-02,58948,gw_4,7,2859,0,0,1,1,1,1,0,0,route_1,,
2025-04-03,58948,gw_5,13,2872,1,1,1,1,0,1,1,1,route_1,,
2025-04-04,58948,gw_5,13,2885,1,1,0,1,1,0,0,0,route_1,,
2025-04-05,58948,gw_2,7,2892,1,1,1,1,1,1,1,0,route_3,,
2025-04-06,58948,gw_1,9,2901,0,1,1,1,0,0,0,0,route_3,,
2025-04-07,58948,gw_2,10,2911,0,1,1,1,1,0,0,1,route_2,,
2025-04-08,58948,gw_1,8,2919,1,0,0,1,0,1,0,1,route_1,,
2025-04-09,58948,gw_4,15,2934,0,0,0,1,0,1,1,1,route_2,,
2025-04-10,58948,gw_5,6,2940,1,1,0,1,0,1,1,1,route_1,,
2025-01-01,54596,gw_2,6,1833,0,1,0,0,0,0,0,0,route_2,,
2025-01-02,54596,gw_4,11,1844,0,1,0,1,0,1,1,0,route_3,,
2025-01-03,54596,gw_1,12,1856,1,1,0,1,0,1,1,0,route_3,,
2025-01-04,54596,gw_2,15,1871,0,0,0,0,1,1,0,0,route_3,,
2025-01-05,54596,gw_1,9,1880,1,0,1,0,1,1,1,0,route_1,,
2025-01-06,54596,gw_4,13,1893,1,1,0,0,1,1,0,1,route_1,,
2025-01-07,54596,gw_3,7,1900,0,1,0,0,0,0,1,0,route_2,,
2025-01-08,54596,gw_1,14,1914,1,0,0,0,0,0,0,0,route_1,,
2025-01-09,54596,gw_4,11,1925,1,1,1,0,0,0,0,0,route_3,,
2025-01-10,54596,gw_4,10,1935,1,0,0,0,1,0,0,1,route_2,,
2025-01-11,54596,gw_2,14,1949,1,0,0,1,1,0,1,1,route_2,,
2025-01-12,54596,gw_5,6,1955,0,1,0,0,1,0,0,0,route_3,,
2025-01-13,54596,gw_1,7,1962,0,0,1,1,1,1,0,1,route_1,,
2025-01-14,54596,gw_3,5,1967,0,0,0,1,1,1,0,1,route_3,,
2025-01-15,54596,gw_2,13,1980,0,0,0,0,0,0,0,1,route_3,,
2025-01-16,54596,gw_4,10,1990,1,0,1,0,1,1,0,0,route_2,,
2025-01-17,54596,gw_3,6,1996,0,0,1,1,0,0,0,1,route_2,,
2025-01-18,54596,gw_3,7,2003,0,1,0,0,0,0,0,0,route_2,,
2025-01-19,54596,gw_1,10,2013,1,0,0,0,1,1,0,0,route_3,,
2025-01-20,54596,gw_3,11,2024,1,1,0,1,0,1,1,1,route_3,,
2025-01-21,54596,gw_3,11,2035,1,0,0,0,0,1,0,0,route_2,,
2025-01-22,54596,gw_2,11,2046,0,0,1,0,0,1,0,1,route_3,,
2025-01-23,54596,gw_3,10,2056,1,1,0,1,1,0,0,0,route_3,,
2025-01-24,54596,gw_3,15,2071,1,0,1,0,1,0,0,0,route_2,,
2025-01-25,54596,gw_4,11,2082,1,0,1,0,0,0,1,0,route_2,,
2025-01-26,54596,gw_4,15,2097,1,0,1,0,0,1,0,1,route_3,,
2025-01-27,54596,gw_5,7,2104,1,1,1,1,1,0,0,0,route_3,,
2025-01-28,54596,gw_5,5,2109,1,0,0,0,1,1,1,1,route_1,,
2025-01-29,54596,gw_2,15,2124,1,0,1,0,1,0,0,0,route_2,,
2025-01-30,54596,gw_2,14,2138,1,0,1,1,1,0,0,0,route_2,,
2025-01-31,54596,gw_2,11,2149,1,1,1,1,1,0,1,1,route_1,,
2025-02-01,54596,gw_1,5,2154,1,0,0,0,1,0,1,1,route_3,,
2025-02-02,54596,gw_2,6,2160,0,1,0,0,1,1,0,0,route_1,,
2025-02-03,54596,gw_5,6,2166,1,0,0,1,1,0,1,0,route_3,,
2025-02-04,54596,gw_2,6,2172,0,1,1,0,0,0,1,1,route_1,,
2025-02-05,54596,gw_1,11,2183,0,0,0,1,0,1,0,1,route_1,,
2025-02-06,54596,gw_5,12,2195,0,1,0,1,1,0,0,0,route_3,,
2025-02-07,54596,gw_4,12,2207,0,1,0,1,0,1,1,1,route_3,,
2025-02-08,54596,gw_5,5,2212,0,1,0,1,1,0,0,0,route_3,,
2025-02-09,54596,gw_1,15,2227,0,1,0,1,1,0,0,1,route_2,,
2025-02-10,54596,gw_2,0,2222,0,1,1,0,0,1,1,1,route_1,,
2025-02-11,54596,gw_3,6,2228,1,0,0,0,1,0,1,1,route_1,,
2025-02-12,54596,gw_5,5,2233,0,0,0,0,0,1,1,0,route_1,,
2025-02-13,54596,gw_1,11,2244,1,0,0,0,0,1,0,1,route_3,,
2025-02-14,54596,gw_2,13,2257,0,1,1,1,0,1,0,0,route_1,,
2025-02-15,54596,gw_4,8,2265,0,0,0,1,0,0,1,1,route_1,,
2025-02-16,54596,gw_2,9,2274,0,1,1,1,1,1,0,0,route_1,,
2025-02-17,54596,gw_4,0,2266,0,0,0,0,0,0,0,0,route_1,,
2025-02-18,54596,gw_1,8,2274,0,0,1,1,1,0,1,1,route_2,,
2025-02-19,54596,gw_3,10,2284,0,0,1,0,1,0,1,1,route_3,,
2025-02-20,54596,gw_3,8,2292,1,0,1,0,1,0,0,0,route_3,,
2025-02-21,54596,gw_3,12,2304,0,0,0,0,1,1,0,1,route_2,,
2025-02-22,54596,gw_3,6,2310,0,1,1,0,1,0,0,1,route_1,,
2025-02-23,54596,gw_2,12,2322,0,0,1,1,0,1,1,1,route_1,,
2025-02-24,54596,gw_2,12,2334,1,1,1,1,0,1,1,0,route_2,,
2025-02-25,54596,gw_1,9,2343,1,1,0,1,1,0,0,1,route_3,,
2025-02-26,54596,gw_5,5,2348,1,1,1,0,1,0,0,0,route_3,,
2025-02-27,54596,gw_1,10,2358,1,0,1,0,1,1,0,0,route_1,,
2025-02-28,54596,gw_5,5,2363,1,1,0,0,0,1,0,0,route_3,,
2025-03-01,54596,gw_2,12,2375,1,0,1,0,0,0,0,1,route_1,,
2025-03-02,54596,gw_4,10,2385,0,0,0,1,0,1,0,0,route_3,,
2025-03-03,54596,gw_5,13,2398,1,1,0,0,1,1,1,0,route_2,,
2025-03-04,54596,gw_2,9,2407,1,1,1,0,0,1,0,0,route_1,,
2025-03-05,54596,gw_3,10,2417,0,1,0,1,0,1,0,0,route_1,,
2025-03-06,54596,gw_4,10,2427,0,1,1,0,1,1,0,1,route_1,,
2025-03-07,54596,gw_5,14,2441,1,0,1,1,1,1,1,1,route_2,,
2025-03-08,54596,gw_3,12,2453,1,1,0,0,0,1,0,1,route_1,,
2025-03-09,54596,gw_1,6,2459,0,0,1,0,1,1,0,0,route_3,,
2025-03-10,54596,gw_4,9,2468,0,0,0,1,1,0,1,1,route_1,,
2025-03-11,54596,gw_1,7,2475,1,1,1,0,0,1,0,0,route_1,,
2025-03-12,54596,gw_5,9,2484,0,1,1,1,1,0,1,0,route_3,,
2025-03-13,54596,gw_5,7,2491,1,0,0,0,0,1,0,0,route_2,,
2025-03-14,54596,gw_1,13,2504,1,0,1,0,0,0,0,1,route_2,,
2025-03-15,54596,gw_4,13,2517,1,1,0,0,1,0,0,1,route_2,,
2025-03-16,54596,gw_1,0,2512,0,0,1,0,1,0,0,1,route_3,,
2025-03-17,54596,gw_3,0,2503,0,0,0,0,0,0,0,1,route_3,,
2025-03-18,54596,gw_5,6,2509,1,0,0,0,1,0,0,1,route_1,,
2025-03-19,54596,gw_4,15,2524,1,0,0,0,1,0,0,1,route_2,,
2025-03-20,54596,gw_2,13,2537,1,1,1,1,0,1,1,0,route_2,,
2025-03-21,54596,gw_5,7,2544,1,1,0,1,0,0,1,0,route_3,,
2025-03-22,54596,gw_4,7,2551,1,0,0,0,0,1,0,1,route_3,,
2025-03-23,54596,gw_3,14,2565,1,0,1,1,0,1,1,0,route_1,,
2025-03-24,54596,gw_3,0,2555,0,1,1,0,0,0,1,1,route_2,,
2025-03-25,54596,gw_5,7,2562,1,0,0,0,1,1,1,0,route_3,,
2025-03-26,54596,gw_5,15,2577,0,0,0,1,0,0,1,0,route_3,,
2025-03-27,54596,gw_4,6,2583,1,1,0,1,1,0,1,1,route_2,,
2025-03-28,54596,gw_1,12,2595,0,0,1,0,1,0,0,0,route_2,,
2025-03-29,54596,gw_3,11,2606,0,1,0,0,0,0,0,0,route_2,,
2025-03-30,54596,gw_1,0,2602,0,0,0,0,0,1,0,1,route_2,,
2025-03-31,54596,gw_5,7,2609,1,1,0,0,1,0,1,1,route_3,,
2025-04-01,54596,gw_1,12,2621,1,1,1,1,0,1,0,0,route_3,,
2025-04-02,54596,gw_5,8,2629,0,1,1,0,0,1,0,0,route_1,,
2025-04-03,54596,gw_2,6,2635,1,0,1,1,0,0,0,1,route_1,,
2025-04-04,54596,gw_4,12,2647,1,1,0,1,1,0,0,1,route_1,,
2025-04-05,54596,gw_4,7,2654,1,0,1,1,1,0,0,1,route_1,,
2025-04-06,54596,gw_4,5,2659,0,0,0,1,1,0,1,0,route_2,,
2025-04-07,54596,gw_4,13,2672,1,1,1,1,0,0,1,1,route_1,,
2025-04-08,54596,gw_5,13,2685,1,0,1,0,0,0,1,0,route_3,,
2025-04-09,54596,gw_3,12,2697,1,0,0,0,0,1,1,0,route_3,,
2025-04-10,54596,gw_3,6,2703,0,1,0,1,0,0,1,0,route_1,,
